,사고번호,사고일시,요일,시군구,사고내용,사망자수,중상자수,경상자수,부상신고자수,사고유형,법규위반,노면상태,기상상태,도로형태,가해운전자 차종,가해운전자 성별,가해운전자 연령,가해운전자 상해정도,피해운전자 차종,피해운전자 성별,피해운전자 연령,피해운전자 상해정도
109,2021020300100035,2021년 2월 3일 07시,수요일,충청남도 보령시 주산면,중상사고,0,1,0,0,차대사람 - 횡단중,안전운전불이행,포장 - 적설,눈,단일로 - 기타,승용,여,60세,상해없음,보행자,여,75세,중상
110,2021020300100064,2021년 2월 3일 08시,수요일,충청남도 천안시 서북구 성거읍,부상신고사고,0,0,0,1,차대사람 - 횡단중,안전운전불이행,포장 - 기타,맑음,교차로 - 교차로횡단보도내,승용,남,54세,상해없음,보행자,남,24세,부상신고
111,2021020300100091,2021년 2월 3일 09시,수요일,충청남도 공주시 우성면,중상사고,0,1,0,0,차대사람 - 기타,기타,포장 - 건조,맑음,단일로 - 기타,승합,남,51세,상해없음,보행자,남,79세,중상
112,2021020300100172,2021년 2월 3일 12시,수요일,충청남도 아산시 방축동,경상사고,0,0,1,0,차대사람 - 횡단중,안전운전불이행,포장 - 건조,맑음,교차로 - 교차로안,승용,여,80세,기타불명,보행자,여,58세,경상
113,2021020300100174,2021년 2월 3일 12시,수요일,충청남도 예산군 대술면,중상사고,0,1,0,0,차대사람 - 기타,안전운전불이행,포장 - 건조,맑음,주차장 - 주차장,승용,남,68세,상해없음,보행자,남,62세,중상
114,2021020300100234,2021년 2월 3일 14시,수요일,충청남도 계룡시 엄사면,경상사고,0,0,1,0,차대사람 - 횡단중,보행자보호의무위반,포장 - 건조,맑음,교차로 - 교차로횡단보도내,승용,남,56세,상해없음,보행자,여,77세,경상
115,2021020300100235,2021년 2월 3일 14시,수요일,충청남도 아산시 탕정면,경상사고,0,0,1,0,차대사람 - 기타,안전운전불이행,포장 - 건조,맑음,단일로 - 기타,승용,남,41세,상해없음,보행자,남,39세,경상
116,2021020300100271,2021년 2월 3일 15시,수요일,충청남도 천안시 서북구 성정동,경상사고,0,0,1,0,차대사람 - 기타,안전운전불이행,포장 - 건조,맑음,단일로 - 기타,승용,남,51세,상해없음,보행자,남,25세,경상
117,2021020300100272,2021년 2월 3일 15시,수요일,충청남도 보령시 대천동,경상사고,0,0,1,0,차대사람 - 횡단중,보행자보호의무위반,포장 - 건조,맑음,교차로 - 교차로횡단보도내,승용,여,58세,상해없음,보행자,남,81세,경상
118,2021020300100406,2021년 2월 3일 18시,수요일,충청남도 논산시 연산면,경상사고,0,0,1,0,차대사람 - 길가장자리구역통행중,안전운전불이행,포장 - 건조,맑음,단일로 - 기타,기타불명,기타불명,미분류,기타불명,보행자,여,71세,경상
119,2021020300100455,2021년 2월 3일 19시,수요일,충청남도 천안시 서북구 성정동,경상사고,0,0,1,0,차대사람 - 횡단중,안전운전불이행,포장 - 건조,맑음,교차로 - 교차로안,승용,남,34세,상해없음,보행자,남,49세,경상
120,2021020300100572,2021년 2월 3일 23시,수요일,충청남도 아산시 염치읍,경상사고,0,0,1,0,차대사람 - 기타,안전운전불이행,포장 - 건조,흐림,교차로 - 교차로안,승용,남,30세,상해없음,보행자,남,26세,경상
121,2021020400100088,2021년 2월 4일 08시,목요일,충청남도 계룡시 엄사면,경상사고,0,0,1,0,차대사람 - 보도통행중,보행자보호의무위반,비포장 - 젖음/습기,맑음,교차로 - 교차로횡단보도내,승용,남,42세,상해없음,보행자,여,34세,경상
122,2021020400100136,2021년 2월 4일 09시,목요일,충청남도 천안시 서북구 쌍용동,경상사고,0,0,1,0,차대사람 - 횡단중,안전운전불이행,포장 - 서리/결빙,맑음,교차로 - 교차로부근,승용,남,47세,상해없음,보행자,남,21세,경상
123,2021020400100274,2021년 2월 4일 13시,목요일,충청남도 태안군 태안읍,중상사고,0,1,0,0,차대사람 - 기타,안전운전불이행,포장 - 건조,맑음,단일로 - 기타,화물,남,74세,상해없음,보행자,여,80세,중상
124,2021020400100464,2021년 2월 4일 18시,목요일,충청남도 서산시 운산면,중상사고,0,1,0,0,차대사람 - 차도통행중,안전운전불이행,포장 - 젖음/습기,흐림,단일로 - 기타,승용,남,28세,상해없음,보행자,남,82세,중상
125,2021020400100503,2021년 2월 4일 19시,목요일,충청남도 서산시 대산읍,경상사고,0,0,1,0,차대사람 - 횡단중,신호위반,포장 - 건조,맑음,교차로 - 교차로횡단보도내,승용,남,19세,상해없음,보행자,여,26세,경상
126,2021020500100030,2021년 2월 5일 06시,금요일,충청남도 청양군 청양읍,중상사고,0,1,0,0,차대사람 - 횡단중,안전운전불이행,포장 - 건조,맑음,교차로 - 교차로안,승용,남,41세,상해없음,보행자,남,59세,중상
127,2021020500100225,2021년 2월 5일 13시,금요일,충청남도 부여군 부여읍,중상사고,0,1,0,0,차대사람 - 횡단중,보행자보호의무위반,포장 - 건조,맑음,교차로 - 교차로횡단보도내,화물,남,90세,상해없음,보행자,여,66세,중상
128,2021020500100342,2021년 2월 5일 16시,금요일,충청남도 천안시 서북구 두정동,경상사고,0,0,1,0,차대사람 - 기타,안전운전불이행,포장 - 건조,맑음,단일로 - 기타,승용,여,23세,상해없음,보행자,남,49세,경상
129,2021020500100448,2021년 2월 5일 18시,금요일,충청남도 천안시 서북구 성환읍,중상사고,0,1,0,0,차대사람 - 기타,안전운전불이행,포장 - 건조,맑음,교차로 - 교차로횡단보도내,승용,여,25세,상해없음,보행자,남,70세,중상
130,2021020500100449,2021년 2월 5일 18시,금요일,충청남도 천안시 동남구 신부동,경상사고,0,0,1,0,차대사람 - 기타,기타,포장 - 건조,맑음,단일로 - 기타,승용,남,55세,상해없음,보행자,남,37세,경상
131,2021020500100557,2021년 2월 5일 20시,금요일,충청남도 아산시 배방읍,경상사고,0,0,1,0,차대사람 - 횡단중,보행자보호의무위반,포장 - 건조,맑음,교차로 - 교차로안,이륜,남,20세,기타불명,보행자,여,29세,경상
132,2021020600100034,2021년 2월 6일 06시,토요일,충청남도 당진시 대덕동,중상사고,0,1,0,0,차대사람 - 기타,안전운전불이행,포장 - 건조,기타,단일로 - 기타,승용,남,37세,상해없음,보행자,남,64세,중상
133,2021020600100250,2021년 2월 6일 15시,토요일,충청남도 아산시 배방읍,경상사고,0,0,1,0,차대사람 - 기타,안전운전불이행,포장 - 건조,맑음,교차로 - 교차로부근,이륜,남,16세,상해없음,보행자,여,40세,경상
134,2021020600100423,2021년 2월 6일 20시,토요일,충청남도 예산군 예산읍,중상사고,0,1,0,0,차대사람 - 횡단중,보행자보호의무위반,포장 - 건조,맑음,단일로 - 기타,개인형이동수단(PM),남,31세,상해없음,보행자,여,65세,중상
135,2021020700100038,2021년 2월 7일 06시,일요일,충청남도 당진시 송산면,중상사고,0,1,0,0,차대사람 - 차도통행중,안전운전불이행,포장 - 건조,맑음,단일로 - 기타,승용,남,30세,상해없음,보행자,남,38세,중상
136,2021020700100107,2021년 2월 7일 12시,일요일,충청남도 서천군 장항읍,경상사고,0,0,1,0,차대사람 - 기타,안전운전불이행,포장 - 건조,맑음,단일로 - 기타,화물,남,53세,상해없음,보행자,여,74세,경상
137,2021020700100348,2021년 2월 7일 20시,일요일,충청남도 서산시 대산읍,사망사고,1,0,0,0,차대사람 - 차도통행중,과속,포장 - 건조,맑음,교차로 - 교차로안,승용,남,36세,상해없음,보행자,남,61세,사망
138,2021020800100030,2021년 2월 8일 06시,월요일,충청남도 서천군 마서면,중상사고,0,1,0,0,차대사람 - 차도통행중,안전운전불이행,포장 - 건조,맑음,단일로 - 기타,승용,여,51세,상해없음,보행자,여,53세,중상
139,2021020800100154,2021년 2월 8일 10시,월요일,충청남도 당진시 대호지면,중상사고,0,1,0,0,차대사람 - 횡단중,안전운전불이행,포장 - 건조,맑음,교차로 - 교차로안,화물,남,69세,상해없음,보행자,여,84세,중상
140,2021020800100183,2021년 2월 8일 11시,월요일,충청남도 아산시 둔포면,사망사고,1,0,0,0,차대사람 - 횡단중,중앙선침범,포장 - 건조,맑음,교차로 - 교차로횡단보도내,승용,여,40세,상해없음,보행자,여,72세,사망
141,2021020800100225,2021년 2월 8일 12시,월요일,충청남도 공주시 금성동,부상신고사고,0,0,0,1,차대사람 - 차도통행중,안전운전불이행,포장 - 건조,맑음,단일로 - 기타,화물,남,68세,상해없음,보행자,여,79세,부상신고
142,2021020800100226,2021년 2월 8일 12시,월요일,충청남도 부여군 세도면,경상사고,0,0,2,0,차대사람 - 차도통행중,안전운전불이행,포장 - 건조,맑음,단일로 - 기타,원동기,남,86세,경상,보행자,여,81세,경상
143,2021020800100320,2021년 2월 8일 14시,월요일,충청남도 천안시 동남구 사직동,중상사고,0,1,0,0,차대사람 - 횡단중,보행자보호의무위반,포장 - 건조,맑음,교차로 - 교차로안,승용,남,61세,상해없음,보행자,남,68세,중상
144,2021020800100565,2021년 2월 8일 20시,월요일,충청남도 천안시 서북구 두정동,중상사고,0,1,0,0,차대사람 - 기타,보행자보호의무위반,포장 - 건조,맑음,교차로 - 교차로안,승용,남,33세,상해없음,보행자,남,27세,중상
145,2021020900100192,2021년 2월 9일 11시,화요일,충청남도 서산시 동문동,중상사고,0,1,0,0,차대사람 - 길가장자리구역통행중,안전운전불이행,포장 - 건조,맑음,교차로 - 교차로안,화물,남,76세,상해없음,보행자,여,60세,중상
146,2021020900100369,2021년 2월 9일 15시,화요일,충청남도 당진시 합덕읍,중상사고,0,1,0,0,차대사람 - 기타,안전운전불이행,포장 - 건조,맑음,기타 - 기타,승용,남,39세,상해없음,보행자,여,80세,중상
147,2021021000100035,2021년 2월 10일 05시,수요일,충청남도 아산시 온천동,부상신고사고,0,0,0,1,차대사람 - 기타,안전운전불이행,포장 - 건조,맑음,단일로 - 기타,승용,남,75세,상해없음,보행자,남,78세,부상신고
148,2021021000100126,2021년 2월 10일 09시,수요일,충청남도 당진시 합덕읍,중상사고,0,1,0,0,차대사람 - 보도통행중,안전운전불이행,포장 - 건조,맑음,기타 - 기타,승용,남,77세,상해없음,보행자,여,72세,중상
149,2021021000100577,2021년 2월 10일 19시,수요일,충청남도 서산시 석림동,경상사고,0,0,1,0,차대사람 - 횡단중,신호위반,포장 - 건조,맑음,교차로 - 교차로안,화물,남,52세,상해없음,보행자,남,37세,경상
150,2021021000100578,2021년 2월 10일 19시,수요일,충청남도 천안시 서북구 두정동,경상사고,0,0,1,0,차대사람 - 기타,안전운전불이행,포장 - 건조,맑음,단일로 - 기타,승용,남,23세,상해없음,보행자,남,21세,경상
151,2021021000100639,2021년 2월 10일 20시,수요일,충청남도 아산시 배방읍,경상사고,0,0,1,0,차대사람 - 기타,기타,포장 - 건조,맑음,기타 - 기타,승용,남,62세,상해없음,보행자,여,26세,경상
152,2021021000100720,2021년 2월 10일 22시,수요일,충청남도 아산시 용화동,중상사고,0,1,0,0,차대사람 - 차도통행중,안전운전불이행,포장 - 건조,맑음,단일로 - 기타,이륜,남,22세,상해없음,보행자,남,57세,중상
153,2021021200100119,2021년 2월 12일 14시,금요일,충청남도 예산군 예산읍,경상사고,0,0,1,0,차대사람 - 횡단중,안전운전불이행,포장 - 건조,맑음,단일로 - 기타,자전거,남,34세,상해없음,보행자,여,69세,경상
154,2021021300100339,2021년 2월 13일 21시,토요일,충청남도 예산군 예산읍,경상사고,0,0,1,0,차대사람 - 차도통행중,안전운전불이행,포장 - 건조,맑음,교차로 - 교차로안,화물,남,55세,상해없음,보행자,남,44세,경상
155,2021021400100147,2021년 2월 14일 16시,일요일,충청남도 천안시 서북구 성거읍,중상사고,0,1,0,0,차대사람 - 기타,안전운전불이행,포장 - 건조,맑음,교차로 - 교차로부근,승합,남,56세,상해없음,보행자,여,83세,중상
156,2021021500100174,2021년 2월 15일 13시,월요일,충청남도 논산시 은진면,중상사고,0,1,0,0,차대사람 - 횡단중,안전운전불이행,포장 - 건조,맑음,단일로 - 기타,화물,남,72세,상해없음,보행자,남,21세,중상
157,2021021500100239,2021년 2월 15일 15시,월요일,충청남도 보령시 청소면,경상사고,0,0,1,0,차대사람 - 기타,안전운전불이행,포장 - 건조,맑음,단일로 - 기타,화물,남,50세,상해없음,보행자,남,57세,경상
158,2021021500100455,2021년 2월 15일 22시,월요일,충청남도 당진시 읍내동,중상사고,0,1,1,0,차대사람 - 차도통행중,보행자보호의무위반,포장 - 건조,맑음,교차로 - 교차로안,승용,남,38세,상해없음,보행자,남,31세,경상
159,2021021600100021,2021년 2월 16일 04시,화요일,충청남도 천안시 서북구 두정동,중상사고,0,1,0,0,차대사람 - 횡단중,신호위반,포장 - 건조,맑음,교차로 - 교차로횡단보도내,승용,여,56세,상해없음,보행자,여,59세,중상
160,2021021600100030,2021년 2월 16일 05시,화요일,충청남도 천안시 서북구 두정동,경상사고,0,0,1,0,차대사람 - 기타,안전운전불이행,포장 - 건조,맑음,기타 - 기타,승용,남,39세,상해없음,보행자,남,21세,경상
161,2021021600100142,2021년 2월 16일 11시,화요일,충청남도 서산시 예천동,중상사고,0,1,0,0,차대사람 - 횡단중,신호위반,포장 - 건조,맑음,교차로 - 교차로횡단보도내,화물,남,78세,상해없음,보행자,여,80세,중상
162,2021021600100289,2021년 2월 16일 15시,화요일,충청남도 아산시 초사동,경상사고,0,0,3,0,차대사람 - 기타,안전운전불이행,포장 - 서리/결빙,눈,기타 - 기타,승용,여,61세,상해없음,보행자,남,46세,경상
163,2021021700100294,2021년 2월 17일 15시,수요일,충청남도 논산시 내동,중상사고,0,1,0,0,차대사람 - 횡단중,보행자보호의무위반,포장 - 건조,맑음,교차로 - 교차로안,승용,남,60세,상해없음,보행자,남,12세,중상
164,2021021700100406,2021년 2월 17일 18시,수요일,충청남도 천안시 동남구 영성동,중상사고,0,1,0,0,차대사람 - 횡단중,안전운전불이행,포장 - 건조,맑음,교차로 - 교차로안,승용,남,26세,상해없음,보행자,남,64세,중상
165,2021021700100466,2021년 2월 17일 19시,수요일,충청남도 당진시 읍내동,중상사고,0,1,0,0,차대사람 - 횡단중,보행자보호의무위반,포장 - 건조,맑음,교차로 - 교차로부근,승용,여,54세,상해없음,보행자,남,63세,중상
166,2021021800100284,2021년 2월 18일 15시,목요일,충청남도 천안시 서북구 성정동,경상사고,0,0,1,0,차대사람 - 횡단중,신호위반,포장 - 건조,맑음,교차로 - 교차로부근,이륜,남,58세,상해없음,보행자,남,79세,경상
167,2021021800100285,2021년 2월 18일 15시,목요일,충청남도 당진시 합덕읍,경상사고,0,0,2,0,차대사람 - 기타,안전운전불이행,포장 - 건조,맑음,교차로 - 교차로부근,승용,여,52세,상해없음,보행자,여,49세,경상
168,2021021800100522,2021년 2월 18일 22시,목요일,충청남도 당진시 채운동,중상사고,0,1,1,0,차대사람 - 길가장자리구역통행중,안전운전불이행,포장 - 건조,맑음,단일로 - 기타,승용,남,29세,상해없음,보행자,남,25세,중상
169,2021021800100548,2021년 2월 18일 23시,목요일,충청남도 공주시 유구읍,중상사고,0,1,0,0,차대사람 - 기타,안전운전불이행,포장 - 건조,맑음,단일로 - 기타,승용,남,58세,상해없음,보행자,남,48세,중상
170,2021021900100049,2021년 2월 19일 07시,금요일,충청남도 부여군 부여읍,중상사고,0,1,0,0,차대사람 - 횡단중,보행자보호의무위반,포장 - 건조,맑음,교차로 - 교차로횡단보도내,승용,남,65세,상해없음,보행자,남,83세,중상
171,2021021900100050,2021년 2월 19일 07시,금요일,충청남도 당진시 채운동,중상사고,0,1,0,0,차대사람 - 횡단중,보행자보호의무위반,포장 - 건조,맑음,교차로 - 교차로횡단보도내,승용,남,43세,상해없음,보행자,여,80세,중상
172,2021021900100117,2021년 2월 19일 09시,금요일,충청남도 서천군 서천읍,경상사고,0,0,1,0,차대사람 - 횡단중,보행자보호의무위반,포장 - 건조,맑음,교차로 - 교차로횡단보도내,건설기계,남,46세,상해없음,보행자,여,70세,경상
173,2021021900100118,2021년 2월 19일 09시,금요일,충청남도 태안군 소원면,경상사고,0,0,1,0,차대사람 - 횡단중,기타,포장 - 건조,맑음,단일로 - 기타,기타불명,기타불명,미분류,기타불명,보행자,남,59세,경상
174,2021021900100182,2021년 2월 19일 11시,금요일,충청남도 천안시 동남구 사직동,중상사고,0,1,0,0,차대사람 - 차도통행중,안전운전불이행,포장 - 건조,맑음,단일로 - 기타,승용,남,70세,상해없음,보행자,여,60세,중상
175,2021021900100184,2021년 2월 19일 11시,금요일,충청남도 태안군 태안읍,중상사고,0,1,0,0,차대사람 - 횡단중,안전운전불이행,포장 - 건조,맑음,단일로 - 기타,화물,남,71세,상해없음,보행자,남,65세,중상
176,2021021900100232,2021년 2월 19일 12시,금요일,충청남도 천안시 서북구 성정동,경상사고,0,0,1,0,차대사람 - 기타,안전운전불이행,포장 - 건조,맑음,교차로 - 교차로안,승용,남,40세,상해없음,보행자,남,25세,경상
177,2021021900100273,2021년 2월 19일 13시,금요일,충청남도 천안시 서북구 불당동,경상사고,0,0,2,0,차대사람 - 횡단중,보행자보호의무위반,포장 - 건조,맑음,교차로 - 교차로횡단보도내,승용,남,43세,상해없음,보행자,여,28세,경상
178,2021021900100311,2021년 2월 19일 14시,금요일,충청남도 서산시 동문동,경상사고,0,0,1,0,차대사람 - 차도통행중,안전운전불이행,포장 - 건조,맑음,단일로 - 기타,승용,여,48세,상해없음,보행자,여,71세,경상
179,2021021900100503,2021년 2월 19일 18시,금요일,충청남도 천안시 서북구 쌍용동,경상사고,0,0,1,0,차대사람 - 횡단중,안전운전불이행,포장 - 건조,맑음,단일로 - 기타,승용,남,24세,상해없음,보행자,여,77세,경상
180,2021021900100504,2021년 2월 19일 18시,금요일,충청남도 서천군 장항읍,경상사고,0,0,1,0,차대사람 - 기타,안전운전불이행,포장 - 건조,맑음,주차장 - 주차장,승용,여,42세,상해없음,보행자,여,51세,경상
181,2021021900100505,2021년 2월 19일 18시,금요일,충청남도 당진시 합덕읍,중상사고,0,1,0,0,차대사람 - 횡단중,안전운전불이행,포장 - 건조,맑음,기타 - 기타,승용,여,54세,상해없음,보행자,남,66세,중상
182,2021021900100507,2021년 2월 19일 18시,금요일,충청남도 천안시 동남구 병천면,경상사고,0,0,1,0,차대사람 - 차도통행중,안전운전불이행,포장 - 건조,맑음,기타 - 기타,승용,남,63세,상해없음,보행자,남,62세,경상
183,2021021900100727,2021년 2월 19일 23시,금요일,충청남도 천안시 서북구 쌍용동,중상사고,0,1,0,0,차대사람 - 횡단중,신호위반,포장 - 건조,맑음,교차로 - 교차로횡단보도내,승용,남,27세,상해없음,보행자,남,31세,중상
184,2021022000100005,2021년 2월 20일 00시,토요일,충청남도 천안시 서북구 성정동,경상사고,0,0,1,0,차대사람 - 보도통행중,안전운전불이행,포장 - 건조,맑음,단일로 - 기타,승용,남,41세,상해없음,보행자,남,52세,경상
185,2021022000100116,2021년 2월 20일 10시,토요일,충청남도 천안시 동남구 봉명동,경상사고,0,0,1,0,차대사람 - 기타,안전운전불이행,포장 - 건조,맑음,교차로 - 교차로안,승용,여,45세,상해없음,보행자,남,74세,경상
186,2021022000100402,2021년 2월 20일 18시,토요일,충청남도 천안시 서북구 두정동,중상사고,0,1,0,0,차대사람 - 횡단중,보행자보호의무위반,포장 - 건조,맑음,교차로 - 교차로안,화물,남,58세,상해없음,보행자,남,51세,중상
187,2021022000100485,2021년 2월 20일 21시,토요일,충청남도 서산시 동문동,중상사고,0,1,0,0,차대사람 - 횡단중,보행자보호의무위반,포장 - 건조,맑음,교차로 - 교차로안,승용,여,47세,상해없음,보행자,여,34세,중상
188,2021022100100025,2021년 2월 21일 03시,일요일,충청남도 아산시 신창면,경상사고,0,0,1,0,차대사람 - 횡단중,안전운전불이행,포장 - 건조,맑음,단일로 - 기타,기타불명,기타불명,미분류,기타불명,보행자,남,49세,경상
189,2021022100100049,2021년 2월 21일 08시,일요일,충청남도 태안군 태안읍,중상사고,0,1,0,0,차대사람 - 기타,안전운전불이행,포장 - 건조,맑음,단일로 - 기타,승합,남,45세,상해없음,보행자,여,67세,중상
190,2021022100100063,2021년 2월 21일 09시,일요일,충청남도 천안시 서북구 성환읍,경상사고,0,0,1,0,차대사람 - 기타,안전운전불이행,포장 - 건조,맑음,단일로 - 기타,승용,남,53세,상해없음,보행자,여,72세,경상
191,2021022100100119,2021년 2월 21일 12시,일요일,충청남도 서산시 해미면,경상사고,0,0,1,0,차대사람 - 기타,중앙선침범,포장 - 건조,맑음,단일로 - 기타,승용,여,49세,상해없음,보행자,남,48세,경상
192,2021022200100158,2021년 2월 22일 10시,월요일,충청남도 당진시 읍내동,중상사고,0,1,0,0,차대사람 - 보도통행중,보행자보호의무위반,포장 - 건조,맑음,단일로 - 기타,승합,여,43세,상해없음,보행자,남,80세,중상
193,2021022200100194,2021년 2월 22일 11시,월요일,충청남도 천안시 서북구 백석동,경상사고,0,0,1,0,차대사람 - 기타,안전운전불이행,포장 - 건조,맑음,주차장 - 주차장,승용,남,45세,상해없음,보행자,남,23세,경상
194,2021022200100286,2021년 2월 22일 14시,월요일,충청남도 보령시 죽정동,중상사고,0,1,0,0,차대사람 - 기타,안전운전불이행,포장 - 건조,맑음,주차장 - 주차장,화물,남,69세,상해없음,보행자,여,39세,중상
195,2021022200100536,2021년 2월 22일 21시,월요일,충청남도 천안시 서북구 성환읍,중상사고,0,1,0,0,차대사람 - 횡단중,보행자보호의무위반,포장 - 건조,맑음,교차로 - 교차로부근,승용,여,56세,상해없음,보행자,여,20세,중상
196,2021022300100136,2021년 2월 23일 10시,화요일,충청남도 부여군 규암면,사망사고,1,0,0,0,차대사람 - 기타,안전운전불이행,포장 - 건조,맑음,단일로 - 기타,승용,남,27세,상해없음,보행자,남,79세,사망
197,2021022300100306,2021년 2월 23일 15시,화요일,충청남도 서산시 동문동,중상사고,0,1,0,0,차대사람 - 횡단중,보행자보호의무위반,포장 - 건조,맑음,단일로 - 기타,승용,여,59세,상해없음,보행자,여,45세,중상
198,2021022300100308,2021년 2월 23일 15시,화요일,충청남도 천안시 동남구 신방동,경상사고,0,0,1,0,차대사람 - 기타,안전운전불이행,포장 - 건조,맑음,단일로 - 기타,승용,남,37세,상해없음,보행자,남,56세,경상
199,2021022400100233,2021년 2월 24일 14시,수요일,충청남도 서천군 장항읍,경상사고,0,0,1,0,차대사람 - 기타,안전운전불이행,포장 - 건조,맑음,교차로 - 교차로부근,승용,남,50세,상해없음,보행자,여,76세,경상
200,2021022400100367,2021년 2월 24일 18시,수요일,충청남도 천안시 동남구 신부동,중상사고,0,1,0,0,차대사람 - 횡단중,보행자보호의무위반,포장 - 건조,맑음,단일로 - 기타,기타불명,기타불명,미분류,기타불명,보행자,여,24세,중상
201,2021022400100413,2021년 2월 24일 19시,수요일,충청남도 보령시 천북면,중상사고,0,1,0,0,차대사람 - 기타,안전운전불이행,포장 - 건조,맑음,단일로 - 기타,승용,여,54세,상해없음,보행자,여,80세,중상
202,2021022400100414,2021년 2월 24일 19시,수요일,충청남도 금산군 금산읍,경상사고,0,0,1,0,차대사람 - 횡단중,보행자보호의무위반,포장 - 건조,맑음,교차로 - 교차로횡단보도내,승용,남,56세,상해없음,보행자,여,58세,경상
203,2021022500100018,2021년 2월 25일 01시,목요일,충청남도 당진시 석문면,경상사고,0,0,1,0,차대사람 - 횡단중,안전운전불이행,포장 - 건조,맑음,단일로 - 기타,승용,남,59세,상해없음,보행자,남,28세,경상
204,2021022500100251,2021년 2월 25일 15시,목요일,충청남도 천안시 동남구 구성동,경상사고,0,0,1,0,차대사람 - 횡단중,보행자보호의무위반,포장 - 건조,맑음,기타 - 기타,승용,여,62세,상해없음,보행자,남,56세,경상
205,2021022500100318,2021년 2월 25일 17시,목요일,충청남도 부여군 부여읍,중상사고,0,1,0,0,차대사람 - 횡단중,보행자보호의무위반,포장 - 젖음/습기,비,단일로 - 기타,승용,남,65세,상해없음,보행자,남,69세,중상
206,2021022500100505,2021년 2월 25일 22시,목요일,충청남도 천안시 서북구 성정동,경상사고,0,0,1,0,차대사람 - 기타,안전운전불이행,포장 - 건조,맑음,단일로 - 기타,화물,남,44세,상해없음,보행자,여,31세,경상
207,2021022600100047,2021년 2월 26일 06시,금요일,충청남도 금산군 금산읍,중상사고,0,1,0,0,차대사람 - 기타,안전운전불이행,포장 - 젖음/습기,흐림,교차로 - 교차로안,승용,남,49세,상해없음,보행자,여,49세,중상
208,2021022600100139,2021년 2월 26일 10시,금요일,충청남도 부여군 부여읍,중상사고,0,1,0,0,차대사람 - 차도통행중,안전운전불이행,포장 - 건조,맑음,교차로 - 교차로부근,승용,남,72세,상해없음,보행자,남,83세,중상
209,2021022600100206,2021년 2월 26일 12시,금요일,충청남도 보령시 죽정동,중상사고,0,1,0,0,차대사람 - 횡단중,보행자보호의무위반,포장 - 건조,맑음,교차로 - 교차로부근,승용,남,74세,상해없음,보행자,여,65세,중상
210,2021022700100433,2021년 2월 27일 19시,토요일,충청남도 당진시 송악읍,중상사고,0,1,0,0,차대사람 - 횡단중,신호위반,포장 - 건조,맑음,교차로 - 교차로안,승용,남,55세,상해없음,보행자,남,62세,중상
211,2021022800100390,2021년 2월 28일 23시,일요일,충청남도 천안시 서북구 두정동,경상사고,0,0,1,0,차대사람 - 기타,안전운전불이행,포장 - 건조,맑음,교차로 - 교차로부근,승용,여,23세,상해없음,보행자,남,30세,경상
212,2021030100100371,2021년 3월 1일 20시,월요일,충청남도 아산시 모종동,중상사고,0,1,0,0,차대사람 - 횡단중,보행자보호의무위반,포장 - 젖음/습기,비,교차로 - 교차로안,승용,남,31세,상해없음,보행자,남,63세,중상
213,2021030200100039,2021년 3월 2일 06시,화요일,충청남도 서산시 해미면,중상사고,0,1,0,0,차대사람 - 기타,안전운전불이행,포장 - 젖음/습기,안개,단일로 - 기타,승합,남,40세,상해없음,보행자,여,79세,중상
214,2021030200100103,2021년 3월 2일 09시,화요일,충청남도 아산시 온천동,경상사고,0,0,1,0,차대사람 - 기타,안전운전불이행,포장 - 건조,맑음,단일로 - 기타,승합,남,58세,상해없음,보행자,여,91세,경상
215,2021030200100433,2021년 3월 2일 19시,화요일,충청남도 천안시 서북구 성정동,경상사고,0,0,1,0,차대사람 - 기타,안전운전불이행,포장 - 건조,맑음,단일로 - 기타,기타불명,기타불명,미분류,기타불명,보행자,여,56세,경상
216,2021030300100180,2021년 3월 3일 11시,수요일,충청남도 당진시 신평면,중상사고,0,1,0,0,차대사람 - 기타,기타,포장 - 건조,맑음,단일로 - 기타,승합,남,59세,상해없음,보행자,여,82세,중상
217,2021030300100223,2021년 3월 3일 12시,수요일,충청남도 홍성군 은하면,중상사고,0,1,0,0,차대사람 - 보도통행중,기타,포장 - 건조,맑음,단일로 - 기타,화물,남,50세,상해없음,보행자,여,78세,중상
218,2021030300100431,2021년 3월 3일 19시,수요일,충청남도 아산시 온천동,경상사고,0,0,1,0,차대사람 - 기타,안전운전불이행,포장 - 건조,맑음,단일로 - 기타,승용,남,60세,상해없음,보행자,남,43세,경상