,사고번호,사고일시,요일,시군구,사고내용,사망자수,중상자수,경상자수,부상신고자수,사고유형,법규위반,노면상태,기상상태,도로형태,가해운전자 차종,가해운전자 성별,가해운전자 연령,가해운전자 상해정도,피해운전자 차종,피해운전자 성별,피해운전자 연령,피해운전자 상해정도
439,2021050100100524,2021년 5월 1일 22시,토요일,충청남도 천안시 서북구 직산읍,중상사고,0,1,0,0,차대사람 - 기타,안전거리미확보,포장 - 건조,맑음,단일로 - 기타,승용,남,60세,상해없음,보행자,남,50세,중상
440,2021050200100008,2021년 5월 2일 00시,일요일,충청남도 천안시 서북구 두정동,경상사고,0,0,2,0,차대사람 - 기타,안전운전불이행,포장 - 건조,맑음,단일로 - 기타,승용,여,25세,상해없음,보행자,여,25세,경상
441,2021050200100299,2021년 5월 2일 16시,일요일,충청남도 천안시 동남구 다가동,중상사고,0,1,0,0,차대사람 - 횡단중,안전운전불이행,포장 - 건조,맑음,교차로 - 교차로안,승용,여,40세,상해없음,보행자,남,86세,중상
442,2021050200100330,2021년 5월 2일 17시,일요일,충청남도 아산시 방축동,경상사고,0,0,1,0,차대사람 - 기타,안전운전불이행,포장 - 건조,맑음,교차로 - 교차로횡단보도내,승용,여,48세,상해없음,보행자,남,17세,경상
443,2021050300100008,2021년 5월 3일 01시,월요일,충청남도 천안시 서북구 두정동,경상사고,0,0,1,0,차대사람 - 기타,안전운전불이행,포장 - 건조,기타,교차로 - 교차로안,승용,남,23세,상해없음,보행자,남,21세,경상
444,2021050300100093,2021년 5월 3일 08시,월요일,충청남도 당진시 읍내동,경상사고,0,0,1,0,차대사람 - 횡단중,보행자보호의무위반,포장 - 건조,맑음,교차로 - 교차로안,승용,여,68세,상해없음,보행자,여,41세,경상
445,2021050400100024,2021년 5월 4일 04시,화요일,충청남도 천안시 서북구 성정동,경상사고,0,0,1,0,차대사람 - 기타,안전운전불이행,포장 - 건조,맑음,교차로 - 교차로안,승용,남,43세,상해없음,보행자,여,24세,경상
446,2021050400100298,2021년 5월 4일 15시,화요일,충청남도 아산시 권곡동,중상사고,0,1,0,0,차대사람 - 기타,안전운전불이행,포장 - 건조,맑음,단일로 - 기타,화물,남,50세,상해없음,보행자,여,84세,중상
447,2021050400100299,2021년 5월 4일 15시,화요일,충청남도 보령시 신흑동,경상사고,0,0,1,0,차대사람 - 차도통행중,신호위반,포장 - 젖음/습기,비,단일로 - 기타,승용,남,66세,상해없음,보행자,남,46세,경상
448,2021050400100341,2021년 5월 4일 16시,화요일,충청남도 태안군 태안읍,경상사고,0,0,1,0,차대사람 - 기타,안전운전불이행,포장 - 건조,맑음,단일로 - 기타,승용,남,60세,상해없음,보행자,여,66세,경상
449,2021050400100546,2021년 5월 4일 20시,화요일,충청남도 홍성군 홍성읍,중상사고,0,1,0,0,차대사람 - 기타,중앙선침범,포장 - 젖음/습기,비,교차로 - 교차로안,승용,남,51세,상해없음,보행자,남,50세,중상
450,2021050400100605,2021년 5월 4일 21시,화요일,충청남도 서산시 예천동,중상사고,0,1,0,0,차대사람 - 기타,안전운전불이행,포장 - 젖음/습기,비,단일로 - 기타,승용,남,32세,상해없음,보행자,여,43세,중상
451,2021050400100664,2021년 5월 4일 22시,화요일,충청남도 당진시 읍내동,경상사고,0,0,1,0,차대사람 - 기타,안전운전불이행,포장 - 젖음/습기,비,단일로 - 기타,승용,남,52세,상해없음,보행자,남,36세,경상
452,2021050500100048,2021년 5월 5일 04시,수요일,충청남도 천안시 서북구 두정동,중상사고,0,1,0,0,차대사람 - 기타,안전운전불이행,포장 - 건조,맑음,단일로 - 기타,승용,남,18세,기타불명,보행자,남,24세,중상
453,2021050500100274,2021년 5월 5일 14시,수요일,충청남도 천안시 서북구 쌍용동,경상사고,0,0,1,0,차대사람 - 기타,안전운전불이행,포장 - 건조,맑음,단일로 - 기타,승합,여,47세,상해없음,보행자,남,7세,경상
454,2021050500100276,2021년 5월 5일 14시,수요일,충청남도 아산시 탕정면,경상사고,0,0,1,0,차대사람 - 기타,안전운전불이행,포장 - 건조,맑음,단일로 - 기타,승용,남,30세,상해없음,보행자,남,4세,경상
455,2021050500100356,2021년 5월 5일 16시,수요일,충청남도 홍성군 서부면,중상사고,0,1,0,0,차대사람 - 기타,안전운전불이행,포장 - 건조,맑음,교차로 - 교차로안,화물,여,51세,상해없음,보행자,여,81세,중상
456,2021050600100011,2021년 5월 6일 01시,목요일,충청남도 천안시 동남구 목천읍,사망사고,1,0,0,0,차대사람 - 기타,안전운전불이행,포장 - 건조,맑음,단일로 - 기타,승용,남,61세,상해없음,보행자,남,71세,사망
457,2021050700100058,2021년 5월 7일 07시,금요일,충청남도 천안시 서북구 성정동,중상사고,0,1,0,0,차대사람 - 차도통행중,안전운전불이행,포장 - 건조,맑음,단일로 - 기타,화물,남,57세,상해없음,보행자,남,29세,중상
458,2021050700100171,2021년 5월 7일 11시,금요일,충청남도 당진시 읍내동,중상사고,0,1,0,0,차대사람 - 차도통행중,안전운전불이행,포장 - 건조,맑음,단일로 - 기타,승용,남,30세,상해없음,보행자,남,55세,중상
459,2021050700100534,2021년 5월 7일 20시,금요일,충청남도 서산시 읍내동,중상사고,0,1,0,0,차대사람 - 기타,안전운전불이행,포장 - 건조,맑음,교차로 - 교차로안,승용,남,27세,상해없음,보행자,여,54세,중상
460,2021050700100536,2021년 5월 7일 20시,금요일,충청남도 천안시 동남구 신방동,중상사고,0,1,0,0,차대사람 - 횡단중,보행자보호의무위반,포장 - 건조,맑음,단일로 - 기타,승용,남,50세,상해없음,보행자,여,73세,중상
461,2021050800100319,2021년 5월 8일 14시,토요일,충청남도 부여군 부여읍,중상사고,0,1,0,0,차대사람 - 차도통행중,안전운전불이행,포장 - 건조,맑음,단일로 - 기타,승용,여,48세,상해없음,보행자,남,87세,중상
462,2021050800100404,2021년 5월 8일 16시,토요일,충청남도 당진시 신평면,경상사고,0,0,1,0,차대사람 - 차도통행중,안전운전불이행,포장 - 건조,맑음,단일로 - 기타,이륜,남,35세,상해없음,보행자,여,69세,경상
463,2021050800100602,2021년 5월 8일 22시,토요일,충청남도 아산시 온천동,경상사고,0,0,1,0,차대사람 - 기타,안전운전불이행,포장 - 건조,맑음,단일로 - 기타,자전거,남,63세,상해없음,보행자,남,53세,경상
464,2021050900100240,2021년 5월 9일 14시,일요일,충청남도 당진시 읍내동,사망사고,1,0,0,0,차대사람 - 기타,보행자보호의무위반,포장 - 건조,맑음,교차로 - 교차로안,승용,여,57세,상해없음,보행자,남,57세,사망
465,2021051000100404,2021년 5월 10일 18시,월요일,충청남도 논산시 취암동,경상사고,0,0,1,0,차대사람 - 횡단중,안전운전불이행,포장 - 건조,맑음,교차로 - 교차로부근,이륜,남,18세,상해없음,보행자,여,58세,경상
466,2021051000100484,2021년 5월 10일 20시,월요일,충청남도 천안시 동남구 다가동,경상사고,0,0,1,0,차대사람 - 차도통행중,안전운전불이행,포장 - 건조,맑음,단일로 - 지하차도(도로)내,승용,남,46세,상해없음,보행자,남,62세,경상
467,2021051100100254,2021년 5월 11일 12시,화요일,충청남도 천안시 서북구 쌍용동,경상사고,0,0,1,0,차대사람 - 길가장자리구역통행중,안전운전불이행,포장 - 건조,맑음,단일로 - 기타,승용,여,62세,상해없음,보행자,남,82세,경상
468,2021051100100339,2021년 5월 11일 14시,화요일,충청남도 논산시 강경읍,중상사고,0,1,0,0,차대사람 - 차도통행중,안전운전불이행,포장 - 건조,맑음,단일로 - 기타,승용,남,61세,상해없음,보행자,여,83세,중상
469,2021051100100340,2021년 5월 11일 14시,화요일,충청남도 아산시 송악면,중상사고,0,1,0,0,차대사람 - 횡단중,안전운전불이행,포장 - 건조,맑음,교차로 - 교차로안,화물,남,57세,상해없음,보행자,남,78세,중상
470,2021051100100541,2021년 5월 11일 19시,화요일,충청남도 천안시 동남구 청당동,중상사고,0,1,0,0,차대사람 - 횡단중,보행자보호의무위반,포장 - 건조,맑음,교차로 - 교차로횡단보도내,승용,남,41세,상해없음,보행자,남,43세,중상
471,2021051200100117,2021년 5월 12일 09시,수요일,충청남도 서산시 운산면,중상사고,0,1,0,0,차대사람 - 기타,교차로운행방법위반,포장 - 건조,맑음,교차로 - 교차로안,승용,여,50세,상해없음,보행자,여,78세,중상
472,2021051200100118,2021년 5월 12일 09시,수요일,충청남도 서천군 한산면,중상사고,0,1,0,0,차대사람 - 기타,안전운전불이행,포장 - 건조,맑음,주차장 - 주차장,승용,남,31세,상해없음,보행자,여,75세,중상
473,2021051200100217,2021년 5월 12일 12시,수요일,충청남도 당진시 읍내동,중상사고,0,1,0,0,차대사람 - 횡단중,안전운전불이행,포장 - 건조,맑음,교차로 - 교차로부근,승용,여,52세,상해없음,보행자,여,82세,중상
474,2021051200100323,2021년 5월 12일 15시,수요일,충청남도 부여군 부여읍,사망사고,1,0,0,0,차대사람 - 기타,안전운전불이행,포장 - 건조,맑음,교차로 - 교차로횡단보도내,승용,남,53세,상해없음,보행자,남,87세,사망
475,2021051200100425,2021년 5월 12일 17시,수요일,충청남도 천안시 서북구 쌍용동,경상사고,0,0,1,0,차대사람 - 기타,안전운전불이행,포장 - 건조,맑음,주차장 - 주차장,승용,여,46세,기타불명,보행자,남,28세,경상
476,2021051200100479,2021년 5월 12일 18시,수요일,충청남도 천안시 서북구 백석동,경상사고,0,0,1,0,차대사람 - 횡단중,신호위반,포장 - 건조,맑음,교차로 - 교차로안,승용,남,43세,상해없음,보행자,남,28세,경상
477,2021051200100569,2021년 5월 12일 21시,수요일,충청남도 서천군 장항읍,중상사고,0,1,0,0,차대사람 - 차도통행중,안전운전불이행,포장 - 건조,맑음,교차로 - 교차로안,특수,남,40세,상해없음,보행자,남,73세,중상
478,2021051300100270,2021년 5월 13일 13시,목요일,충청남도 공주시 옥룡동,경상사고,0,0,1,0,차대사람 - 기타,안전운전불이행,포장 - 건조,맑음,주차장 - 주차장,화물,여,65세,기타불명,보행자,여,60세,경상
479,2021051300100307,2021년 5월 13일 14시,목요일,충청남도 홍성군 서부면,중상사고,0,1,0,0,차대사람 - 기타,안전운전불이행,포장 - 건조,맑음,단일로 - 기타,화물,남,63세,상해없음,보행자,남,88세,중상
480,2021051300100388,2021년 5월 13일 16시,목요일,충청남도 천안시 동남구 신부동,경상사고,0,0,1,0,차대사람 - 기타,안전운전불이행,포장 - 건조,맑음,단일로 - 기타,승용,여,55세,상해없음,보행자,남,45세,경상
481,2021051300100429,2021년 5월 13일 17시,목요일,충청남도 천안시 서북구 불당동,경상사고,0,0,1,0,차대사람 - 기타,안전운전불이행,포장 - 건조,맑음,단일로 - 기타,승용,여,57세,상해없음,보행자,여,6세,경상
482,2021051400100098,2021년 5월 14일 08시,금요일,충청남도 예산군 예산읍,경상사고,0,0,1,0,차대사람 - 기타,안전운전불이행,포장 - 건조,맑음,단일로 - 기타,승용,남,68세,기타불명,보행자,여,10세,경상
483,2021051400100277,2021년 5월 14일 13시,금요일,충청남도 서산시 팔봉면,중상사고,0,1,0,0,차대사람 - 횡단중,안전운전불이행,포장 - 건조,맑음,교차로 - 교차로부근,승용,남,57세,상해없음,보행자,여,85세,중상
484,2021051600100060,2021년 5월 16일 04시,일요일,충청남도 천안시 서북구 성정동,경상사고,0,0,1,0,차대사람 - 기타,과속,포장 - 젖음/습기,비,단일로 - 기타,승용,남,70세,상해없음,보행자,남,30세,경상
485,2021051600100407,2021년 5월 16일 21시,일요일,충청남도 천안시 동남구 대흥동,중상사고,0,1,0,0,차대사람 - 기타,안전운전불이행,포장 - 젖음/습기,비,교차로 - 교차로안,승용,남,26세,상해없음,보행자,여,72세,중상
486,2021051700100116,2021년 5월 17일 09시,월요일,충청남도 천안시 동남구 문화동,중상사고,0,1,0,0,차대사람 - 보도통행중,보행자보호의무위반,포장 - 건조,맑음,교차로 - 교차로횡단보도내,승용,여,27세,상해없음,보행자,여,21세,중상
487,2021051700100288,2021년 5월 17일 15시,월요일,충청남도 홍성군 홍북읍,중상사고,0,1,0,0,차대사람 - 횡단중,보행자보호의무위반,포장 - 젖음/습기,맑음,단일로 - 기타,승용,남,37세,상해없음,보행자,남,15세,중상
488,2021051800100081,2021년 5월 18일 08시,화요일,충청남도 서산시 동문동,중상사고,0,1,0,0,차대사람 - 기타,안전운전불이행,포장 - 건조,맑음,교차로 - 교차로안,승합,남,45세,상해없음,보행자,여,84세,중상
489,2021051800100082,2021년 5월 18일 08시,화요일,충청남도 천안시 서북구 성정동,중상사고,0,1,0,0,차대사람 - 기타,안전운전불이행,포장 - 건조,맑음,단일로 - 기타,승용,여,54세,상해없음,보행자,여,65세,중상
490,2021051800100187,2021년 5월 18일 12시,화요일,충청남도 천안시 서북구 두정동,중상사고,0,1,0,0,차대사람 - 횡단중,보행자보호의무위반,포장 - 건조,맑음,교차로 - 교차로안,승용,남,51세,상해없음,보행자,여,53세,중상
491,2021051800100188,2021년 5월 18일 12시,화요일,충청남도 보령시 동대동,중상사고,0,1,0,0,차대사람 - 차도통행중,안전운전불이행,포장 - 건조,맑음,단일로 - 기타,이륜,남,17세,상해없음,보행자,여,63세,중상
492,2021051800100398,2021년 5월 18일 17시,화요일,충청남도 천안시 동남구 구성동,경상사고,0,0,1,0,차대사람 - 횡단중,보행자보호의무위반,포장 - 건조,맑음,교차로 - 교차로안,승용,남,24세,상해없음,보행자,여,73세,경상
493,2021051900100038,2021년 5월 19일 03시,수요일,충청남도 천안시 동남구 안서동,경상사고,0,0,2,0,차대사람 - 횡단중,신호위반,포장 - 건조,맑음,교차로 - 교차로안,승용,여,67세,상해없음,보행자,남,20세,경상
494,2021051900100387,2021년 5월 19일 17시,수요일,충청남도 아산시 인주면,경상사고,0,0,1,0,차대사람 - 기타,안전운전불이행,포장 - 건조,맑음,단일로 - 기타,승용,남,73세,상해없음,보행자,남,44세,경상
495,2021052000100100,2021년 5월 20일 09시,목요일,충청남도 천안시 서북구 쌍용동,경상사고,0,0,1,0,차대사람 - 기타,안전운전불이행,포장 - 건조,맑음,교차로 - 교차로안,승용,남,45세,기타불명,보행자,여,24세,경상
496,2021052000100251,2021년 5월 20일 14시,목요일,충청남도 천안시 동남구 안서동,경상사고,0,0,1,0,차대사람 - 횡단중,보행자보호의무위반,포장 - 젖음/습기,비,단일로 - 기타,승용,남,52세,상해없음,보행자,여,24세,경상
497,2021052000100380,2021년 5월 20일 18시,목요일,충청남도 천안시 동남구 목천읍,중상사고,0,1,0,0,차대사람 - 횡단중,과속,포장 - 젖음/습기,비,단일로 - 기타,승용,여,30세,상해없음,보행자,여,47세,중상
498,2021052100100222,2021년 5월 21일 13시,금요일,충청남도 논산시 반월동,중상사고,0,1,0,0,차대사람 - 횡단중,보행자보호의무위반,포장 - 건조,맑음,교차로 - 교차로횡단보도내,승용,여,61세,상해없음,보행자,여,74세,중상
499,2021052100100223,2021년 5월 21일 13시,금요일,충청남도 아산시 탕정면,중상사고,0,1,0,0,차대사람 - 횡단중,안전운전불이행,포장 - 건조,흐림,단일로 - 기타,승용,남,40세,상해없음,보행자,남,11세,중상
500,2021052100100224,2021년 5월 21일 13시,금요일,충청남도 당진시 읍내동,중상사고,0,1,0,0,차대사람 - 횡단중,안전운전불이행,포장 - 건조,맑음,단일로 - 기타,이륜,남,35세,상해없음,보행자,여,58세,중상
501,2021052100100266,2021년 5월 21일 14시,금요일,충청남도 공주시 신관동,중상사고,0,1,0,0,차대사람 - 횡단중,보행자보호의무위반,포장 - 건조,맑음,교차로 - 교차로안,화물,남,62세,상해없음,보행자,남,56세,중상
502,2021052100100313,2021년 5월 21일 15시,금요일,충청남도 공주시 신관동,중상사고,0,1,0,0,차대사람 - 보도통행중,안전운전불이행,포장 - 건조,맑음,단일로 - 기타,승용,남,55세,상해없음,보행자,남,11세,중상
503,2021052100100515,2021년 5월 21일 20시,금요일,충청남도 보령시 대천동,사망사고,1,0,0,0,차대사람 - 횡단중,안전운전불이행,포장 - 건조,맑음,단일로 - 기타,승용,남,53세,상해없음,보행자,여,77세,사망
504,2021052200100004,2021년 5월 22일 00시,토요일,충청남도 당진시 신평면,중상사고,0,1,0,0,차대사람 - 길가장자리구역통행중,안전운전불이행,포장 - 건조,기타,단일로 - 기타,승용,남,19세,상해없음,보행자,남,62세,중상
505,2021052200100018,2021년 5월 22일 01시,토요일,충청남도 당진시 송악읍,경상사고,0,0,1,0,차대사람 - 차도통행중,안전운전불이행,포장 - 건조,맑음,단일로 - 기타,승용,남,43세,상해없음,보행자,남,48세,경상
506,2021052200100029,2021년 5월 22일 02시,토요일,충청남도 천안시 서북구 쌍용동,경상사고,0,0,1,0,차대사람 - 기타,안전운전불이행,포장 - 건조,맑음,단일로 - 기타,승용,남,26세,상해없음,보행자,남,48세,경상
507,2021052200100098,2021년 5월 22일 09시,토요일,충청남도 천안시 서북구 성거읍,경상사고,0,0,1,0,차대사람 - 기타,안전운전불이행,포장 - 건조,맑음,기타 - 기타,승합,남,48세,상해없음,보행자,남,73세,경상
508,2021052200100126,2021년 5월 22일 10시,토요일,충청남도 보령시 대천동,경상사고,0,0,1,0,차대사람 - 횡단중,안전운전불이행,포장 - 건조,맑음,교차로 - 교차로안,화물,남,59세,상해없음,보행자,여,64세,경상
509,2021052200100127,2021년 5월 22일 10시,토요일,충청남도 천안시 동남구 봉명동,중상사고,0,1,0,0,차대사람 - 횡단중,보행자보호의무위반,포장 - 건조,맑음,교차로 - 교차로횡단보도내,이륜,남,39세,상해없음,보행자,여,71세,중상
510,2021052200100166,2021년 5월 22일 11시,토요일,충청남도 서산시 인지면,중상사고,0,1,0,0,차대사람 - 기타,안전운전불이행,포장 - 건조,맑음,기타 - 기타,화물,남,64세,상해없음,보행자,여,68세,중상
511,2021052200100201,2021년 5월 22일 12시,토요일,충청남도 홍성군 갈산면,경상사고,0,0,1,0,차대사람 - 기타,안전운전불이행,포장 - 건조,맑음,주차장 - 주차장,승합,남,54세,상해없음,보행자,남,51세,상해없음
512,2021052300100158,2021년 5월 23일 13시,일요일,충청남도 천안시 서북구 쌍용동,중상사고,0,1,0,0,차대사람 - 횡단중,안전운전불이행,포장 - 건조,맑음,단일로 - 기타,승용,남,31세,상해없음,보행자,여,4세,중상
513,2021052300100196,2021년 5월 23일 14시,일요일,충청남도 보령시 동대동,경상사고,0,0,1,0,차대사람 - 횡단중,안전운전불이행,포장 - 건조,맑음,단일로 - 기타,승용,여,25세,상해없음,보행자,여,24세,경상
514,2021052300100227,2021년 5월 23일 15시,일요일,충청남도 아산시 온천동,중상사고,0,1,0,0,차대사람 - 기타,안전운전불이행,포장 - 건조,맑음,주차장 - 주차장,이륜,남,43세,상해없음,보행자,여,78세,중상
515,2021052400100236,2021년 5월 24일 13시,월요일,충청남도 공주시 이인면,중상사고,0,1,0,0,차대사람 - 횡단중,안전운전불이행,포장 - 건조,맑음,기타 - 기타,승용,남,52세,상해없음,보행자,여,56세,중상
516,2021052400100501,2021년 5월 24일 20시,월요일,충청남도 아산시 온천동,경상사고,0,0,1,0,차대사람 - 차도통행중,안전운전불이행,포장 - 건조,맑음,교차로 - 교차로안,승용,남,63세,상해없음,보행자,남,59세,경상
517,2021052400100552,2021년 5월 24일 22시,월요일,충청남도 천안시 서북구 성거읍,경상사고,0,0,1,0,차대사람 - 기타,안전운전불이행,포장 - 건조,맑음,교차로 - 교차로부근,승용,여,47세,상해없음,보행자,여,34세,경상
518,2021052400100553,2021년 5월 24일 22시,월요일,충청남도 홍성군 홍성읍,경상사고,0,0,1,0,차대사람 - 기타,안전운전불이행,포장 - 건조,맑음,단일로 - 기타,화물,남,48세,상해없음,보행자,남,64세,경상
519,2021052500100100,2021년 5월 25일 08시,화요일,충청남도 천안시 동남구 신부동,중상사고,0,1,0,0,차대사람 - 횡단중,보행자보호의무위반,포장 - 젖음/습기,비,교차로 - 교차로횡단보도내,승용,여,61세,상해없음,보행자,남,12세,중상
520,2021052500100266,2021년 5월 25일 13시,화요일,충청남도 천안시 동남구 신부동,경상사고,0,0,1,0,차대사람 - 횡단중,보행자보호의무위반,포장 - 건조,맑음,교차로 - 교차로횡단보도내,화물,남,64세,상해없음,보행자,여,72세,경상
521,2021052500100583,2021년 5월 25일 22시,화요일,충청남도 아산시 온천동,경상사고,0,0,1,0,차대사람 - 횡단중,안전운전불이행,포장 - 건조,맑음,단일로 - 기타,승용,남,50세,상해없음,보행자,남,58세,경상
522,2021052500100584,2021년 5월 25일 22시,화요일,충청남도 예산군 예산읍,경상사고,0,0,1,0,차대사람 - 횡단중,안전운전불이행,포장 - 건조,맑음,교차로 - 교차로안,원동기,남,22세,경상,보행자,남,24세,상해없음
523,2021052600100130,2021년 5월 26일 09시,수요일,충청남도 논산시 연무읍,사망사고,1,0,0,0,차대사람 - 횡단중,안전운전불이행,포장 - 건조,맑음,단일로 - 기타,승용,여,50세,상해없음,보행자,여,80세,사망
524,2021052600100234,2021년 5월 26일 13시,수요일,충청남도 천안시 서북구 성거읍,경상사고,0,0,1,0,차대사람 - 횡단중,기타,포장 - 건조,맑음,단일로 - 기타,승용,남,49세,상해없음,보행자,여,10세,경상
525,2021052600100265,2021년 5월 26일 14시,수요일,충청남도 홍성군 홍성읍,중상사고,0,1,0,0,차대사람 - 기타,안전운전불이행,포장 - 건조,맑음,기타 - 기타,승용,남,34세,기타불명,보행자,여,71세,중상
526,2021052600100374,2021년 5월 26일 17시,수요일,충청남도 홍성군 광천읍,중상사고,0,1,0,0,차대사람 - 기타,안전운전불이행,포장 - 건조,맑음,교차로 - 교차로부근,승용,남,52세,상해없음,보행자,남,76세,중상
527,2021052600100539,2021년 5월 26일 22시,수요일,충청남도 금산군 복수면,경상사고,0,0,1,0,차대사람 - 길가장자리구역통행중,안전운전불이행,포장 - 건조,맑음,단일로 - 기타,승용,남,28세,상해없음,보행자,여,69세,경상
528,2021052700100019,2021년 5월 27일 02시,목요일,충청남도 아산시 좌부동,경상사고,0,0,1,0,차대사람 - 기타,안전운전불이행,포장 - 건조,맑음,단일로 - 기타,승용,남,59세,상해없음,보행자,남,30세,경상
529,2021052700100181,2021년 5월 27일 11시,목요일,충청남도 서산시 동문동,중상사고,0,1,0,0,차대사람 - 횡단중,안전운전불이행,포장 - 건조,흐림,교차로 - 교차로부근,승합,남,67세,상해없음,보행자,여,61세,중상
530,2021052700100214,2021년 5월 27일 12시,목요일,충청남도 천안시 동남구 안서동,중상사고,0,1,0,0,차대사람 - 횡단중,안전운전불이행,포장 - 건조,맑음,단일로 - 기타,화물,남,53세,상해없음,보행자,여,71세,중상
531,2021052700100247,2021년 5월 27일 13시,목요일,충청남도 천안시 서북구 성정동,중상사고,0,1,0,0,차대사람 - 기타,안전운전불이행,포장 - 건조,맑음,교차로 - 교차로안,승용,남,58세,상해없음,보행자,남,82세,중상
532,2021052700100386,2021년 5월 27일 17시,목요일,충청남도 부여군 내산면,사망사고,1,0,0,0,차대사람 - 기타,안전운전불이행,포장 - 건조,맑음,단일로 - 기타,화물,남,61세,상해없음,보행자,남,66세,사망
533,2021052800100098,2021년 5월 28일 08시,금요일,충청남도 예산군 예산읍,경상사고,0,0,1,0,차대사람 - 횡단중,보행자보호의무위반,포장 - 건조,맑음,교차로 - 교차로부근,화물,남,57세,상해없음,보행자,남,73세,경상
534,2021052800100516,2021년 5월 28일 19시,금요일,충청남도 당진시 시곡동,경상사고,0,0,1,0,차대사람 - 기타,안전운전불이행,포장 - 건조,맑음,단일로 - 기타,승용,여,27세,기타불명,보행자,여,69세,경상
535,2021052900100027,2021년 5월 29일 03시,토요일,충청남도 서산시 읍내동,경상사고,0,0,1,0,차대사람 - 길가장자리구역통행중,안전운전불이행,포장 - 건조,맑음,단일로 - 기타,승용,남,38세,상해없음,보행자,남,38세,상해없음
536,2021052900100086,2021년 5월 29일 08시,토요일,충청남도 보령시 주교면,경상사고,0,0,1,0,차대사람 - 기타,안전운전불이행,포장 - 건조,맑음,단일로 - 기타,화물,남,64세,상해없음,보행자,남,68세,경상
537,2021052900100164,2021년 5월 29일 11시,토요일,충청남도 홍성군 홍동면,중상사고,0,1,0,0,차대사람 - 기타,안전운전불이행,포장 - 건조,맑음,단일로 - 기타,농기계,남,44세,상해없음,보행자,남,55세,중상
538,2021052900100290,2021년 5월 29일 14시,토요일,충청남도 천안시 서북구 쌍용동,경상사고,0,0,1,0,차대사람 - 기타,기타,포장 - 건조,맑음,교차로 - 교차로부근,자전거,남,15세,기타불명,보행자,남,10세,경상
539,2021052900100318,2021년 5월 29일 15시,토요일,충청남도 천안시 서북구 신당동,경상사고,0,0,1,0,차대사람 - 기타,안전운전불이행,포장 - 건조,맑음,단일로 - 기타,승용,남,77세,상해없음,보행자,여,24세,경상
540,2021052900100525,2021년 5월 29일 21시,토요일,충청남도 천안시 동남구 봉명동,중상사고,0,1,0,0,차대사람 - 기타,안전운전불이행,포장 - 건조,맑음,단일로 - 기타,승용,남,42세,상해없음,보행자,여,25세,중상
541,2021053000100006,2021년 5월 30일 00시,일요일,충청남도 천안시 서북구 두정동,경상사고,0,0,1,0,차대사람 - 기타,안전운전불이행,포장 - 건조,맑음,교차로 - 교차로안,승용,남,19세,상해없음,보행자,남,28세,경상
542,2021053000100211,2021년 5월 30일 14시,일요일,충청남도 서산시 인지면,경상사고,0,0,1,0,차대사람 - 기타,안전운전불이행,포장 - 건조,맑음,단일로 - 기타,화물,남,66세,상해없음,보행자,남,88세,경상
543,2021053000100212,2021년 5월 30일 14시,일요일,충청남도 서천군 서면,경상사고,0,0,1,0,차대사람 - 기타,안전운전불이행,포장 - 건조,맑음,단일로 - 기타,승용,여,65세,상해없음,보행자,여,50세,경상
544,2021053000100285,2021년 5월 30일 16시,일요일,충청남도 부여군 양화면,중상사고,0,1,0,0,차대사람 - 기타,안전운전불이행,포장 - 건조,흐림,단일로 - 기타,승용,남,54세,상해없음,보행자,남,78세,중상
545,2021053000100357,2021년 5월 30일 18시,일요일,충청남도 아산시 둔포면,경상사고,0,0,1,0,차대사람 - 기타,안전운전불이행,포장 - 건조,맑음,단일로 - 기타,승용,남,48세,기타불명,보행자,여,62세,경상
546,2021053100100255,2021년 5월 31일 14시,월요일,충청남도 태안군 안면읍,중상사고,0,1,0,0,차대사람 - 기타,안전운전불이행,포장 - 건조,기타,기타 - 기타,승용,남,78세,상해없음,보행자,여,57세,중상
547,2021053100100333,2021년 5월 31일 16시,월요일,충청남도 서산시 예천동,경상사고,0,0,1,0,차대사람 - 기타,기타,포장 - 건조,맑음,단일로 - 기타,자전거,남,7세,상해없음,보행자,여,39세,경상
548,2021053100100334,2021년 5월 31일 16시,월요일,충청남도 천안시 동남구 북면,중상사고,0,1,0,0,차대사람 - 기타,안전운전불이행,포장 - 건조,맑음,단일로 - 기타,승합,남,50세,상해없음,보행자,여,85세,중상
549,2021053100100373,2021년 5월 31일 17시,월요일,충청남도 서산시 동문동,경상사고,0,0,1,0,차대사람 - 보도통행중,신호위반,포장 - 건조,맑음,교차로 - 교차로안,승합,남,53세,상해없음,보행자,여,19세,경상