,사고번호,사고일시,요일,시군구,사고내용,사망자수,중상자수,경상자수,부상신고자수,사고유형,법규위반,노면상태,기상상태,도로형태,가해운전자 차종,가해운전자 성별,가해운전자 연령,가해운전자 상해정도,피해운전자 차종,피해운전자 성별,피해운전자 연령,피해운전자 상해정도
550,2021053100100375,2021년 5월 31일 17시,월요일,충청남도 당진시 채운동,경상사고,0,0,1,0,차대사람 - 기타,기타,포장 - 건조,맑음,기타 - 기타,승용,남,49세,상해없음,보행자,여,61세,경상
551,2021053100100453,2021년 5월 31일 19시,월요일,충청남도 서산시 해미면,경상사고,0,0,1,0,차대사람 - 길가장자리구역통행중,안전운전불이행,포장 - 건조,맑음,단일로 - 기타,승용,남,79세,상해없음,보행자,여,37세,경상
552,2021060100100165,2021년 6월 1일 10시,화요일,충청남도 천안시 서북구 성정동,경상사고,0,0,1,0,차대사람 - 횡단중,보행자보호의무위반,포장 - 건조,맑음,교차로 - 교차로부근,승용,여,55세,상해없음,보행자,여,28세,경상
553,2021060100100383,2021년 6월 1일 16시,화요일,충청남도 서산시 팔봉면,중상사고,0,1,0,0,차대사람 - 기타,안전운전불이행,포장 - 건조,맑음,단일로 - 기타,화물,남,54세,상해없음,보행자,남,63세,중상
554,2021060200100089,2021년 6월 2일 08시,수요일,충청남도 홍성군 갈산면,경상사고,0,0,1,0,차대사람 - 횡단중,보행자보호의무위반,포장 - 건조,맑음,기타 - 기타,승용,남,60세,상해없음,보행자,남,17세,경상
555,2021060200100186,2021년 6월 2일 11시,수요일,충청남도 청양군 대치면,중상사고,0,1,0,0,차대사람 - 길가장자리구역통행중,안전운전불이행,포장 - 건조,맑음,단일로 - 기타,승합,남,64세,상해없음,보행자,여,81세,중상
556,2021060200100294,2021년 6월 2일 14시,수요일,충청남도 공주시 금성동,중상사고,0,1,0,0,차대사람 - 횡단중,보행자보호의무위반,포장 - 건조,맑음,단일로 - 기타,승용,여,22세,상해없음,보행자,여,98세 이상,중상
557,2021060200100329,2021년 6월 2일 15시,수요일,충청남도 당진시 읍내동,중상사고,0,1,0,0,차대사람 - 횡단중,보행자보호의무위반,포장 - 건조,맑음,교차로 - 교차로횡단보도내,승용,남,58세,상해없음,보행자,여,65세,중상
558,2021060300100099,2021년 6월 3일 08시,목요일,충청남도 당진시 원당동,경상사고,0,0,1,0,차대사람 - 횡단중,안전운전불이행,포장 - 건조,맑음,교차로 - 교차로안,승용,여,42세,상해없음,보행자,여,13세,경상
559,2021060300100503,2021년 6월 3일 20시,목요일,충청남도 아산시 배방읍,경상사고,0,0,1,0,차대사람 - 횡단중,보행자보호의무위반,포장 - 건조,맑음,교차로 - 교차로안,이륜,남,27세,상해없음,보행자,남,10세,경상
560,2021060300100504,2021년 6월 3일 20시,목요일,충청남도 보령시 성주면,사망사고,1,0,0,0,차대사람 - 차도통행중,중앙선침범,포장 - 젖음/습기,비,단일로 - 기타,승용,남,47세,상해없음,보행자,남,55세,사망
561,2021060300100602,2021년 6월 3일 22시,목요일,충청남도 천안시 서북구 쌍용동,경상사고,0,0,1,0,차대사람 - 횡단중,신호위반,포장 - 건조,맑음,기타 - 기타,승용,여,54세,상해없음,보행자,남,57세,경상
562,2021060300100638,2021년 6월 3일 23시,목요일,충청남도 공주시 유구읍,중상사고,0,1,0,0,차대사람 - 차도통행중,보행자보호의무위반,포장 - 젖음/습기,비,단일로 - 기타,승용,남,30세,기타불명,보행자,여,88세,중상
563,2021060400100569,2021년 6월 4일 19시,금요일,충청남도 논산시 취암동,중상사고,0,1,0,0,차대사람 - 횡단중,보행자보호의무위반,포장 - 건조,맑음,교차로 - 교차로횡단보도내,승용,남,64세,상해없음,보행자,남,67세,중상
564,2021060500100007,2021년 6월 5일 00시,토요일,충청남도 천안시 서북구 두정동,중상사고,0,1,0,0,차대사람 - 기타,안전운전불이행,포장 - 건조,맑음,교차로 - 교차로안,승용,남,22세,상해없음,보행자,남,24세,중상
565,2021060500100022,2021년 6월 5일 01시,토요일,충청남도 천안시 서북구 두정동,경상사고,0,0,1,0,차대사람 - 기타,안전운전불이행,포장 - 건조,맑음,교차로 - 교차로안,승용,여,25세,상해없음,보행자,남,27세,경상
566,2021060500100056,2021년 6월 5일 06시,토요일,충청남도 논산시 노성면,중상사고,0,1,0,0,차대사람 - 보도통행중,안전운전불이행,포장 - 건조,맑음,교차로 - 교차로안,화물,남,68세,상해없음,보행자,여,79세,중상
567,2021060500100383,2021년 6월 5일 15시,토요일,충청남도 서산시 석남동,경상사고,0,0,1,0,차대사람 - 횡단중,보행자보호의무위반,포장 - 건조,맑음,교차로 - 교차로안,승용,남,69세,상해없음,보행자,여,21세,경상
568,2021060500100427,2021년 6월 5일 16시,토요일,충청남도 보령시 내항동,중상사고,0,1,0,0,차대사람 - 길가장자리구역통행중,안전운전불이행,포장 - 건조,맑음,단일로 - 기타,화물,남,31세,상해없음,보행자,남,87세,중상
569,2021060500100610,2021년 6월 5일 23시,토요일,충청남도 서산시 해미면,중상사고,0,1,0,0,차대사람 - 기타,안전운전불이행,포장 - 건조,맑음,단일로 - 기타,승용,여,51세,상해없음,보행자,여,58세,중상
570,2021060500100612,2021년 6월 5일 23시,토요일,충청남도 당진시 수청동,경상사고,0,0,1,0,차대사람 - 길가장자리구역통행중,안전운전불이행,포장 - 건조,맑음,단일로 - 기타,승용,남,36세,상해없음,보행자,남,15세,경상
571,2021060600100133,2021년 6월 6일 12시,일요일,충청남도 천안시 동남구 사직동,경상사고,0,0,1,0,차대사람 - 횡단중,안전운전불이행,포장 - 건조,맑음,단일로 - 기타,승용,기타불명,미분류,기타불명,보행자,여,5세,경상
572,2021060600100337,2021년 6월 6일 18시,일요일,충청남도 천안시 동남구 병천면,경상사고,0,0,1,0,차대사람 - 횡단중,보행자보호의무위반,포장 - 건조,맑음,단일로 - 기타,승용,남,61세,상해없음,보행자,여,51세,경상
573,2021060600100386,2021년 6월 6일 20시,일요일,충청남도 천안시 서북구 성정동,경상사고,0,0,1,0,차대사람 - 보도통행중,보행자보호의무위반,포장 - 건조,맑음,단일로 - 기타,이륜,남,39세,상해없음,보행자,여,39세,경상
574,2021060600100388,2021년 6월 6일 20시,일요일,충청남도 보령시 명천동,중상사고,0,1,0,0,차대사람 - 횡단중,안전운전불이행,포장 - 건조,맑음,단일로 - 기타,승용,여,19세,상해없음,보행자,여,71세,중상
575,2021060600100444,2021년 6월 6일 23시,일요일,충청남도 천안시 서북구 두정동,경상사고,0,0,1,0,차대사람 - 횡단중,신호위반,포장 - 건조,맑음,단일로 - 기타,승용,여,64세,기타불명,보행자,여,29세,경상
576,2021060700100209,2021년 6월 7일 12시,월요일,충청남도 서천군 서천읍,경상사고,0,0,1,0,차대사람 - 횡단중,보행자보호의무위반,포장 - 건조,맑음,교차로 - 교차로횡단보도내,승용,남,70세,상해없음,보행자,여,83세,경상
577,2021060700100244,2021년 6월 7일 13시,월요일,충청남도 서산시 음암면,경상사고,0,0,1,0,차대사람 - 기타,안전운전불이행,포장 - 건조,맑음,주차장 - 주차장,승합,남,47세,상해없음,보행자,여,62세,경상
578,2021060700100245,2021년 6월 7일 13시,월요일,충청남도 공주시 신관동,경상사고,0,0,1,0,차대사람 - 횡단중,보행자보호의무위반,포장 - 건조,맑음,단일로 - 기타,이륜,남,18세,상해없음,보행자,여,19세,경상
579,2021060700100365,2021년 6월 7일 16시,월요일,충청남도 논산시 노성면,경상사고,0,0,1,0,차대사람 - 기타,안전운전불이행,포장 - 건조,맑음,단일로 - 기타,화물,남,24세,상해없음,보행자,남,67세,경상
580,2021060700100464,2021년 6월 7일 18시,월요일,충청남도 서천군 서천읍,경상사고,0,0,1,0,차대사람 - 횡단중,보행자보호의무위반,포장 - 건조,맑음,단일로 - 기타,승용,여,52세,상해없음,보행자,남,61세,경상
581,2021060700100534,2021년 6월 7일 20시,월요일,충청남도 서산시 동문동,중상사고,0,1,0,0,차대사람 - 차도통행중,안전운전불이행,포장 - 건조,맑음,단일로 - 기타,승용,남,58세,상해없음,보행자,여,52세,중상
582,2021060700100536,2021년 6월 7일 20시,월요일,충청남도 공주시 신관동,중상사고,0,1,0,0,차대사람 - 기타,기타,포장 - 건조,맑음,단일로 - 기타,승용,여,60세,상해없음,보행자,여,65세,중상
583,2021060800100287,2021년 6월 8일 14시,화요일,충청남도 아산시 둔포면,경상사고,0,0,1,0,차대사람 - 기타,안전운전불이행,포장 - 건조,맑음,단일로 - 기타,승용,남,25세,상해없음,보행자,남,60세,경상
584,2021060800100402,2021년 6월 8일 17시,화요일,충청남도 천안시 동남구 신부동,경상사고,0,0,1,0,차대사람 - 보도통행중,기타,포장 - 건조,맑음,기타 - 기타,이륜,남,39세,상해없음,보행자,여,40세,경상
585,2021060800100545,2021년 6월 8일 21시,화요일,충청남도 천안시 동남구 병천면,중상사고,0,1,0,0,차대사람 - 기타,안전운전불이행,포장 - 건조,맑음,단일로 - 기타,승용,남,33세,상해없음,보행자,남,55세,중상
586,2021060900100126,2021년 6월 9일 09시,수요일,충청남도 보령시 대천동,중상사고,0,1,0,0,차대사람 - 차도통행중,안전운전불이행,포장 - 건조,맑음,단일로 - 기타,승용,여,26세,상해없음,보행자,여,68세,중상
587,2021060900100284,2021년 6월 9일 14시,수요일,충청남도 서산시 인지면,경상사고,0,0,1,0,차대사람 - 기타,안전운전불이행,포장 - 건조,맑음,단일로 - 기타,화물,여,49세,상해없음,보행자,남,45세,경상
588,2021060900100553,2021년 6월 9일 20시,수요일,충청남도 아산시 방축동,중상사고,0,1,0,0,차대사람 - 횡단중,보행자보호의무위반,포장 - 건조,맑음,단일로 - 기타,승합,남,56세,상해없음,보행자,여,58세,중상
589,2021060900100554,2021년 6월 9일 20시,수요일,충청남도 예산군 삽교읍,중상사고,0,1,0,0,차대사람 - 기타,안전운전불이행,포장 - 건조,맑음,기타 - 기타,승용,여,42세,상해없음,보행자,남,73세,중상
590,2021061000100010,2021년 6월 10일 01시,목요일,충청남도 아산시 용화동,중상사고,0,1,0,0,차대사람 - 기타,보행자보호의무위반,포장 - 건조,맑음,교차로 - 교차로안,승합,남,33세,상해없음,보행자,남,42세,중상
591,2021061000100136,2021년 6월 10일 09시,목요일,충청남도 홍성군 광천읍,중상사고,0,1,0,0,차대사람 - 차도통행중,안전운전불이행,포장 - 건조,맑음,교차로 - 교차로부근,승용,여,51세,상해없음,보행자,여,66세,중상
592,2021061000100169,2021년 6월 10일 10시,목요일,충청남도 공주시 신관동,경상사고,0,0,1,0,차대사람 - 횡단중,안전운전불이행,포장 - 젖음/습기,비,단일로 - 기타,이륜,남,49세,상해없음,보행자,여,21세,경상
593,2021061000100240,2021년 6월 10일 12시,목요일,충청남도 아산시 둔포면,경상사고,0,0,1,0,차대사람 - 횡단중,보행자보호의무위반,포장 - 건조,맑음,교차로 - 교차로안,승용,남,32세,상해없음,보행자,남,7세,경상
594,2021061000100384,2021년 6월 10일 16시,목요일,충청남도 예산군 신암면,경상사고,0,0,1,0,차대사람 - 기타,안전운전불이행,포장 - 건조,흐림,교차로 - 교차로안,화물,남,79세,상해없음,보행자,남,65세,경상
595,2021061000100478,2021년 6월 10일 18시,목요일,충청남도 당진시 읍내동,경상사고,0,0,1,0,차대사람 - 보도통행중,보행자보호의무위반,포장 - 건조,맑음,교차로 - 교차로횡단보도내,승용,여,19세,상해없음,보행자,남,15세,경상
596,2021061000100647,2021년 6월 10일 23시,목요일,충청남도 계룡시 신도안면,경상사고,0,0,1,0,차대사람 - 횡단중,신호위반,포장 - 젖음/습기,비,교차로 - 교차로안,승용,여,41세,상해없음,보행자,여,39세,경상
597,2021061100100098,2021년 6월 11일 08시,금요일,충청남도 천안시 서북구 성정동,경상사고,0,0,1,0,차대사람 - 기타,안전운전불이행,포장 - 건조,맑음,단일로 - 기타,승용,남,64세,기타불명,보행자,남,28세,경상
598,2021061100100100,2021년 6월 11일 08시,금요일,충청남도 태안군 태안읍,중상사고,0,1,0,0,차대사람 - 차도통행중,안전운전불이행,포장 - 건조,맑음,단일로 - 기타,승용,여,56세,상해없음,보행자,여,70세,중상
599,2021061100100639,2021년 6월 11일 23시,금요일,충청남도 천안시 서북구 성거읍,사망사고,1,0,0,0,차대사람 - 기타,안전운전불이행,포장 - 건조,맑음,교차로 - 교차로부근,승용,남,27세,상해없음,보행자,남,55세,사망
600,2021061100100640,2021년 6월 11일 23시,금요일,충청남도 당진시 시곡동,중상사고,0,1,0,0,차대사람 - 횡단중,안전운전불이행,포장 - 건조,기타,단일로 - 기타,승용,여,22세,상해없음,보행자,남,42세,중상
601,2021061200100325,2021년 6월 12일 14시,토요일,충청남도 천안시 동남구 구성동,경상사고,0,0,1,0,차대사람 - 기타,안전운전불이행,포장 - 건조,맑음,단일로 - 기타,승용,남,58세,상해없음,보행자,남,30세,경상
602,2021061300100086,2021년 6월 13일 10시,일요일,충청남도 서산시 석림동,경상사고,0,0,1,0,차대사람 - 기타,안전운전불이행,포장 - 건조,맑음,주차장 - 주차장,승용,여,42세,상해없음,보행자,여,47세,경상
603,2021061300100144,2021년 6월 13일 12시,일요일,충청남도 당진시 행정동,중상사고,0,1,0,0,차대사람 - 기타,안전운전불이행,포장 - 건조,맑음,단일로 - 터널,승용,남,69세,상해없음,보행자,남,19세,중상
604,2021061300100177,2021년 6월 13일 13시,일요일,충청남도 서산시 동문동,중상사고,0,1,1,0,차대사람 - 보도통행중,보행자보호의무위반,포장 - 건조,맑음,교차로 - 교차로횡단보도내,화물,여,57세,상해없음,보행자,여,25세,경상
605,2021061300100179,2021년 6월 13일 13시,일요일,충청남도 공주시 신관동,경상사고,0,0,1,0,차대사람 - 기타,안전운전불이행,포장 - 건조,맑음,단일로 - 기타,승용,여,22세,상해없음,보행자,남,23세,경상
606,2021061300100215,2021년 6월 13일 14시,일요일,충청남도 아산시 온천동,중상사고,0,1,0,0,차대사람 - 기타,안전운전불이행,포장 - 건조,맑음,단일로 - 기타,승용,남,56세,상해없음,보행자,남,74세,중상
607,2021061300100416,2021년 6월 13일 20시,일요일,충청남도 금산군 금산읍,경상사고,0,0,1,0,차대사람 - 횡단중,보행자보호의무위반,포장 - 건조,맑음,기타 - 기타,승용,여,37세,상해없음,보행자,남,66세,경상
608,2021061400100010,2021년 6월 14일 02시,월요일,충청남도 천안시 서북구 입장면,경상사고,0,0,1,0,차대사람 - 기타,안전운전불이행,포장 - 건조,맑음,단일로 - 기타,승용,남,50세,상해없음,보행자,남,22세,경상
609,2021061400100095,2021년 6월 14일 08시,월요일,충청남도 태안군 태안읍,중상사고,0,1,0,0,차대사람 - 보도통행중,안전운전불이행,포장 - 건조,맑음,단일로 - 기타,승용,여,44세,상해없음,보행자,남,66세,중상
610,2021061400100169,2021년 6월 14일 10시,월요일,충청남도 보령시 대천동,경상사고,0,0,1,0,차대사람 - 횡단중,보행자보호의무위반,포장 - 건조,맑음,교차로 - 교차로횡단보도내,승합,남,54세,상해없음,보행자,남,59세,경상
611,2021061400100272,2021년 6월 14일 13시,월요일,충청남도 예산군 예산읍,중상사고,0,1,0,0,차대사람 - 차도통행중,안전운전불이행,포장 - 건조,맑음,단일로 - 기타,건설기계,남,59세,상해없음,보행자,남,84세,중상
612,2021061400100477,2021년 6월 14일 18시,월요일,충청남도 당진시 순성면,사망사고,1,0,0,0,차대사람 - 횡단중,보행자보호의무위반,포장 - 건조,흐림,단일로 - 기타,승용,남,64세,상해없음,보행자,남,9세,사망
613,2021061400100557,2021년 6월 14일 21시,월요일,충청남도 당진시 시곡동,경상사고,0,0,1,0,차대사람 - 차도통행중,안전운전불이행,포장 - 건조,맑음,단일로 - 기타,승합,남,44세,상해없음,보행자,남,76세,경상
614,2021061500100081,2021년 6월 15일 08시,화요일,충청남도 보령시 죽정동,경상사고,0,0,1,0,차대사람 - 횡단중,보행자보호의무위반,포장 - 건조,맑음,교차로 - 교차로횡단보도내,승합,남,52세,상해없음,보행자,남,74세,경상
615,2021061500100082,2021년 6월 15일 08시,화요일,충청남도 예산군 예산읍,중상사고,0,1,0,0,차대사람 - 차도통행중,안전운전불이행,포장 - 건조,맑음,교차로 - 교차로안,승용,여,53세,상해없음,보행자,여,84세,중상
616,2021061500100284,2021년 6월 15일 14시,화요일,충청남도 서산시 동문동,경상사고,0,0,1,0,차대사람 - 길가장자리구역통행중,안전운전불이행,포장 - 건조,맑음,단일로 - 기타,승용,남,72세,상해없음,보행자,남,27세,경상
617,2021061600100263,2021년 6월 16일 13시,수요일,충청남도 당진시 석문면,사망사고,1,0,0,0,차대사람 - 기타,안전운전불이행,포장 - 건조,맑음,단일로 - 기타,화물,남,82세,상해없음,보행자,여,79세,사망
618,2021061600100297,2021년 6월 16일 14시,수요일,충청남도 홍성군 홍성읍,경상사고,0,0,1,0,차대사람 - 기타,안전운전불이행,포장 - 건조,맑음,단일로 - 기타,승용,여,66세,상해없음,보행자,여,57세,경상
619,2021061700100188,2021년 6월 17일 11시,목요일,충청남도 천안시 동남구 영성동,중상사고,0,1,0,0,차대사람 - 보도통행중,보행자보호의무위반,포장 - 건조,맑음,교차로 - 교차로횡단보도내,승용,여,41세,상해없음,보행자,남,82세,중상
620,2021061700100259,2021년 6월 17일 13시,목요일,충청남도 천안시 동남구 원성동,경상사고,0,0,1,0,차대사람 - 기타,안전운전불이행,포장 - 건조,맑음,단일로 - 기타,건설기계,남,42세,상해없음,보행자,여,64세,경상
621,2021061700100316,2021년 6월 17일 15시,목요일,충청남도 당진시 읍내동,중상사고,0,1,0,0,차대사람 - 기타,안전운전불이행,포장 - 건조,맑음,단일로 - 기타,승용,여,65세,상해없음,보행자,여,62세,중상
622,2021061700100317,2021년 6월 17일 15시,목요일,충청남도 천안시 동남구 신부동,부상신고사고,0,0,0,1,차대사람 - 기타,안전운전불이행,포장 - 건조,맑음,단일로 - 기타,승합,남,47세,상해없음,보행자,여,20세,부상신고
623,2021061800100142,2021년 6월 18일 10시,금요일,충청남도 예산군 예산읍,중상사고,0,1,0,0,차대사람 - 차도통행중,안전운전불이행,포장 - 건조,맑음,단일로 - 기타,승용,남,53세,상해없음,보행자,여,88세,중상
624,2021061800100371,2021년 6월 18일 17시,금요일,충청남도 천안시 서북구 백석동,중상사고,0,1,0,0,차대사람 - 횡단중,보행자보호의무위반,포장 - 건조,맑음,교차로 - 교차로횡단보도내,승용,여,52세,상해없음,보행자,여,77세,중상
625,2021061900100019,2021년 6월 19일 01시,토요일,충청남도 천안시 서북구 두정동,경상사고,0,0,1,0,차대사람 - 기타,안전운전불이행,포장 - 건조,맑음,교차로 - 교차로안,승용,남,28세,상해없음,보행자,남,55세,경상
626,2021061900100193,2021년 6월 19일 11시,토요일,충청남도 천안시 서북구 불당동,경상사고,0,0,1,0,차대사람 - 기타,안전운전불이행,포장 - 건조,맑음,단일로 - 기타,개인형이동수단(PM),여,24세,기타불명,보행자,남,48세,경상
627,2021061900100195,2021년 6월 19일 11시,토요일,충청남도 태안군 근흥면,경상사고,0,0,1,0,차대사람 - 길가장자리구역통행중,안전운전불이행,포장 - 건조,맑음,단일로 - 기타,승용,남,53세,상해없음,보행자,여,73세,경상
628,2021061900100403,2021년 6월 19일 16시,토요일,충청남도 천안시 동남구 목천읍,중상사고,0,1,0,0,차대사람 - 기타,안전운전불이행,포장 - 건조,맑음,단일로 - 기타,승용,여,47세,상해없음,보행자,남,42세,중상
629,2021061900100536,2021년 6월 19일 19시,토요일,충청남도 아산시 좌부동,중상사고,0,1,0,0,차대사람 - 기타,안전운전불이행,포장 - 건조,맑음,단일로 - 기타,승용,여,35세,상해없음,보행자,여,5세,중상
630,2021061900100636,2021년 6월 19일 23시,토요일,충청남도 천안시 서북구 성정동,경상사고,0,0,1,0,차대사람 - 기타,안전운전불이행,포장 - 건조,맑음,교차로 - 교차로부근,승용,남,43세,상해없음,보행자,남,41세,경상
631,2021062000100431,2021년 6월 20일 20시,일요일,충청남도 서산시 석림동,중상사고,0,1,0,0,차대사람 - 횡단중,안전운전불이행,포장 - 건조,맑음,교차로 - 교차로횡단보도내,승용,남,54세,상해없음,보행자,남,61세,중상
632,2021062100100028,2021년 6월 21일 04시,월요일,충청남도 공주시 신관동,중상사고,0,1,0,0,차대사람 - 기타,안전운전불이행,포장 - 건조,맑음,교차로 - 교차로안,승용,남,22세,상해없음,보행자,여,61세,중상
633,2021062100100174,2021년 6월 21일 10시,월요일,충청남도 예산군 예산읍,사망사고,1,0,0,0,차대사람 - 차도통행중,과속,포장 - 건조,맑음,단일로 - 기타,화물,남,55세,상해없음,보행자,여,84세,사망
634,2021062100100458,2021년 6월 21일 17시,월요일,충청남도 천안시 서북구 두정동,경상사고,0,0,1,0,차대사람 - 기타,안전운전불이행,포장 - 건조,맑음,주차장 - 주차장,승합,남,37세,상해없음,보행자,남,34세,경상
635,2021062100100460,2021년 6월 21일 17시,월요일,충청남도 아산시 용화동,경상사고,0,0,1,0,차대사람 - 기타,안전운전불이행,포장 - 건조,맑음,단일로 - 기타,승용,여,53세,상해없음,보행자,남,17세,경상
636,2021062200100012,2021년 6월 22일 01시,화요일,충청남도 천안시 서북구 두정동,중상사고,0,1,0,0,차대사람 - 횡단중,신호위반,포장 - 건조,맑음,교차로 - 교차로부근,승용,여,57세,상해없음,보행자,남,24세,중상
637,2021062200100200,2021년 6월 22일 11시,화요일,충청남도 태안군 태안읍,중상사고,0,1,0,0,차대사람 - 기타,기타,포장 - 건조,맑음,기타 - 기타,자전거,남,43세,상해없음,보행자,여,55세,중상
638,2021062300100007,2021년 6월 23일 00시,수요일,충청남도 천안시 서북구 두정동,부상신고사고,0,0,0,1,차대사람 - 횡단중,안전운전불이행,포장 - 건조,맑음,단일로 - 기타,승용,남,43세,상해없음,보행자,남,32세,부상신고
639,2021062300100077,2021년 6월 23일 08시,수요일,충청남도 아산시 배방읍,경상사고,0,0,1,0,차대사람 - 기타,안전운전불이행,포장 - 건조,맑음,단일로 - 기타,승용,여,33세,상해없음,보행자,여,39세,경상
640,2021062300100226,2021년 6월 23일 13시,수요일,충청남도 태안군 태안읍,경상사고,0,0,1,0,차대사람 - 횡단중,안전운전불이행,포장 - 건조,맑음,단일로 - 기타,승용,남,35세,상해없음,보행자,여,47세,경상
641,2021062300100372,2021년 6월 23일 17시,수요일,충청남도 금산군 금산읍,경상사고,0,0,1,0,차대사람 - 기타,안전운전불이행,포장 - 건조,맑음,단일로 - 기타,승용,여,63세,상해없음,보행자,남,24세,경상
642,2021062300100439,2021년 6월 23일 19시,수요일,충청남도 공주시 신관동,중상사고,0,1,0,0,차대사람 - 횡단중,보행자보호의무위반,포장 - 건조,맑음,교차로 - 교차로안,승용,여,40세,상해없음,보행자,여,8세,중상
643,2021062300100533,2021년 6월 23일 22시,수요일,충청남도 천안시 서북구 두정동,경상사고,0,0,1,0,차대사람 - 차도통행중,안전운전불이행,포장 - 건조,맑음,교차로 - 교차로안,이륜,남,22세,상해없음,보행자,남,30세,경상
644,2021062400100249,2021년 6월 24일 12시,목요일,충청남도 예산군 덕산면,경상사고,0,0,1,0,차대사람 - 기타,안전운전불이행,포장 - 건조,맑음,단일로 - 기타,화물,남,61세,기타불명,보행자,여,78세,경상
645,2021062400100250,2021년 6월 24일 12시,목요일,충청남도 금산군 금산읍,중상사고,0,1,0,0,차대사람 - 기타,안전운전불이행,포장 - 건조,맑음,기타 - 기타,승용,남,60세,상해없음,보행자,여,28세,중상
646,2021062400100285,2021년 6월 24일 13시,목요일,충청남도 천안시 서북구 쌍용동,경상사고,0,0,1,0,차대사람 - 기타,안전운전불이행,포장 - 건조,맑음,기타 - 기타,승용,남,57세,상해없음,보행자,남,52세,경상
647,2021062400100286,2021년 6월 24일 13시,목요일,충청남도 천안시 서북구 성정동,중상사고,0,1,1,0,차대사람 - 기타,안전운전불이행,포장 - 건조,맑음,단일로 - 기타,승용,여,50세,상해없음,보행자,여,56세,중상
648,2021062500100143,2021년 6월 25일 09시,금요일,충청남도 당진시 읍내동,경상사고,0,0,1,0,차대사람 - 기타,안전운전불이행,포장 - 건조,맑음,기타 - 기타,승용,남,67세,상해없음,보행자,남,46세,경상
649,2021062500100208,2021년 6월 25일 11시,금요일,충청남도 천안시 서북구 성정동,중상사고,0,1,0,0,차대사람 - 차도통행중,안전운전불이행,포장 - 건조,맑음,단일로 - 기타,이륜,남,40세,상해없음,보행자,남,84세,중상
650,2021062500100237,2021년 6월 25일 12시,금요일,충청남도 서천군 장항읍,중상사고,0,1,0,0,차대사람 - 횡단중,안전운전불이행,포장 - 건조,맑음,교차로 - 교차로안,승합,남,44세,상해없음,보행자,여,77세,중상
651,2021062500100313,2021년 6월 25일 14시,금요일,충청남도 당진시 읍내동,중상사고,0,1,0,0,차대사람 - 횡단중,보행자보호의무위반,포장 - 건조,맑음,단일로 - 기타,승용,남,80세,상해없음,보행자,여,72세,중상
652,2021062600100036,2021년 6월 26일 01시,토요일,충청남도 홍성군 홍북읍,중상사고,0,1,0,0,차대사람 - 횡단중,안전운전불이행,포장 - 건조,맑음,단일로 - 기타,승용,여,37세,상해없음,보행자,여,9세,중상
653,2021062600100450,2021년 6월 26일 18시,토요일,충청남도 계룡시 엄사면,사망사고,1,0,0,0,차대사람 - 차도통행중,안전운전불이행,포장 - 건조,맑음,교차로 - 교차로부근,승용,여,53세,상해없음,보행자,여,84세,사망
654,2021062700100099,2021년 6월 27일 09시,일요일,충청남도 서산시 동문동,경상사고,0,0,1,0,차대사람 - 횡단중,보행자보호의무위반,포장 - 건조,맑음,교차로 - 교차로안,승용,여,50세,상해없음,보행자,남,60세,경상
655,2021062800100181,2021년 6월 28일 10시,월요일,충청남도 태안군 안면읍,중상사고,0,1,0,0,차대사람 - 횡단중,안전운전불이행,포장 - 건조,맑음,기타 - 기타,화물,남,50세,상해없음,보행자,여,79세,중상
656,2021062900100496,2021년 6월 29일 18시,화요일,충청남도 공주시 중동,경상사고,0,0,1,0,차대사람 - 횡단중,보행자보호의무위반,포장 - 젖음/습기,비,단일로 - 기타,이륜,남,30세,상해없음,보행자,남,46세,경상
657,2021063000100032,2021년 6월 30일 04시,수요일,충청남도 당진시 신평면,중상사고,0,1,0,0,차대사람 - 차도통행중,중앙선침범,포장 - 건조,맑음,단일로 - 기타,승용,여,59세,상해없음,보행자,여,80세,중상
658,2021063000100232,2021년 6월 30일 12시,수요일,충청남도 예산군 예산읍,중상사고,0,1,0,0,차대사람 - 기타,안전운전불이행,포장 - 건조,맑음,단일로 - 기타,승용,남,78세,상해없음,보행자,여,92세,중상
659,2021063000100390,2021년 6월 30일 16시,수요일,충청남도 청양군 장평면,경상사고,0,0,1,0,차대사람 - 차도통행중,안전운전불이행,포장 - 건조,맑음,단일로 - 기타,화물,남,48세,상해없음,보행자,여,74세,경상