,사고번호,사고일시,요일,시군구,사고내용,사망자수,중상자수,경상자수,부상신고자수,사고유형,법규위반,노면상태,기상상태,도로형태,가해운전자 차종,가해운전자 성별,가해운전자 연령,가해운전자 상해정도,피해운전자 차종,피해운전자 성별,피해운전자 연령,피해운전자 상해정도
660,2021063000100492,2021년 6월 30일 18시,수요일,충청남도 서산시 예천동,경상사고,0,0,2,0,차대사람 - 횡단중,보행자보호의무위반,포장 - 건조,맑음,교차로 - 교차로횡단보도내,승용,남,67세,상해없음,보행자,여,15세,경상
661,2021063000100493,2021년 6월 30일 18시,수요일,충청남도 천안시 서북구 쌍용동,경상사고,0,0,1,0,차대사람 - 기타,안전운전불이행,포장 - 건조,맑음,단일로 - 기타,승용,남,51세,상해없음,보행자,남,21세,경상
662,2021070100100026,2021년 7월 1일 05시,목요일,충청남도 천안시 동남구 용곡동,중상사고,0,1,0,0,차대사람 - 횡단중,과속,포장 - 건조,맑음,단일로 - 기타,승합,남,62세,상해없음,보행자,남,80세,중상
663,2021070100100264,2021년 7월 1일 13시,목요일,충청남도 천안시 서북구 쌍용동,경상사고,0,0,1,0,차대사람 - 횡단중,보행자보호의무위반,포장 - 건조,맑음,교차로 - 교차로횡단보도내,화물,남,27세,상해없음,보행자,남,66세,경상
664,2021070100100416,2021년 7월 1일 17시,목요일,충청남도 당진시 채운동,경상사고,0,0,1,0,차대사람 - 보도통행중,보행자보호의무위반,포장 - 건조,맑음,교차로 - 교차로횡단보도내,승용,남,46세,상해없음,보행자,남,7세,경상
665,2021070100100555,2021년 7월 1일 20시,목요일,충청남도 천안시 동남구 신부동,경상사고,0,0,1,0,차대사람 - 보도통행중,안전운전불이행,포장 - 건조,맑음,단일로 - 기타,승용,남,69세,상해없음,보행자,여,23세,경상
666,2021070100100579,2021년 7월 1일 21시,목요일,충청남도 천안시 서북구 두정동,경상사고,0,0,1,0,차대사람 - 보도통행중,기타,포장 - 건조,맑음,단일로 - 기타,개인형이동수단(PM),남,24세,상해없음,보행자,남,40세,경상
667,2021070100100629,2021년 7월 1일 23시,목요일,충청남도 서천군 장항읍,사망사고,1,0,0,0,차대사람 - 기타,과속,포장 - 기타,기타,교차로 - 교차로안,승용,남,58세,상해없음,보행자,남,62세,사망
668,2021070100100630,2021년 7월 1일 23시,목요일,충청남도 천안시 동남구 신방동,중상사고,0,2,0,0,차대사람 - 기타,안전운전불이행,포장 - 건조,맑음,단일로 - 기타,승용,남,39세,상해없음,보행자,남,34세,중상
669,2021070200100060,2021년 7월 2일 07시,금요일,충청남도 예산군 응봉면,경상사고,0,0,1,0,차대사람 - 차도통행중,안전운전불이행,포장 - 건조,맑음,단일로 - 기타,승용,남,46세,상해없음,보행자,남,56세,경상
670,2021070200100134,2021년 7월 2일 09시,금요일,충청남도 청양군 청양읍,중상사고,0,1,0,0,차대사람 - 횡단중,안전운전불이행,포장 - 건조,맑음,교차로 - 교차로안,승용,남,79세,상해없음,보행자,여,64세,중상
671,2021070200100135,2021년 7월 2일 09시,금요일,충청남도 천안시 동남구 대흥동,중상사고,0,1,0,0,차대사람 - 기타,안전운전불이행,포장 - 건조,맑음,교차로 - 교차로안,화물,남,55세,상해없음,보행자,여,64세,중상
672,2021070200100442,2021년 7월 2일 17시,금요일,충청남도 논산시 취암동,경상사고,0,0,1,0,차대사람 - 횡단중,안전운전불이행,포장 - 건조,맑음,단일로 - 기타,승용,여,43세,상해없음,보행자,남,4세,경상
673,2021070200100568,2021년 7월 2일 19시,금요일,충청남도 서산시 대산읍,경상사고,0,0,1,0,차대사람 - 길가장자리구역통행중,안전운전불이행,포장 - 건조,맑음,단일로 - 기타,승용,남,24세,상해없음,보행자,여,60세,경상
674,2021070200100609,2021년 7월 2일 20시,금요일,충청남도 아산시 음봉면,경상사고,0,0,1,0,차대사람 - 기타,안전운전불이행,포장 - 건조,맑음,기타 - 기타,승용,남,30세,상해없음,보행자,남,55세,경상
675,2021070300100034,2021년 7월 3일 03시,토요일,충청남도 아산시 모종동,경상사고,0,0,1,0,차대사람 - 기타,안전운전불이행,포장 - 건조,맑음,단일로 - 기타,승용,남,32세,상해없음,보행자,남,34세,경상
676,2021070300100036,2021년 7월 3일 03시,토요일,충청남도 당진시 읍내동,경상사고,0,0,1,0,차대사람 - 차도통행중,안전운전불이행,포장 - 건조,맑음,교차로 - 교차로안,승용,남,25세,상해없음,보행자,남,21세,경상
677,2021070300100202,2021년 7월 3일 12시,토요일,충청남도 부여군 세도면,경상사고,0,0,1,0,차대사람 - 기타,안전운전불이행,포장 - 건조,맑음,단일로 - 기타,화물,남,60세,상해없음,보행자,여,68세,경상
678,2021070300100357,2021년 7월 3일 16시,토요일,충청남도 당진시 대호지면,중상사고,0,1,0,0,차대사람 - 기타,안전운전불이행,포장 - 젖음/습기,비,기타 - 기타,화물,남,58세,상해없음,보행자,여,61세,중상
679,2021070300100580,2021년 7월 3일 21시,토요일,충청남도 금산군 남이면,사망사고,1,0,0,0,차대사람 - 횡단중,안전운전불이행,포장 - 젖음/습기,비,단일로 - 기타,화물,남,41세,상해없음,보행자,남,57세,사망
680,2021070400100016,2021년 7월 4일 00시,일요일,충청남도 논산시 반월동,중상사고,0,1,0,0,차대사람 - 횡단중,신호위반,포장 - 젖음/습기,비,단일로 - 기타,이륜,남,19세,상해없음,보행자,남,25세,중상
681,2021070400100034,2021년 7월 4일 01시,일요일,충청남도 천안시 서북구 두정동,경상사고,0,0,1,0,차대사람 - 기타,안전운전불이행,포장 - 젖음/습기,비,단일로 - 기타,승용,남,27세,상해없음,보행자,남,25세,경상
682,2021070400100089,2021년 7월 4일 08시,일요일,충청남도 논산시 광석면,경상사고,0,0,1,0,차대사람 - 차도통행중,안전운전불이행,포장 - 젖음/습기,비,단일로 - 기타,승합,여,58세,상해없음,보행자,여,84세,경상
683,2021070500100037,2021년 7월 5일 06시,월요일,충청남도 천안시 동남구 청수동,경상사고,0,0,2,0,차대사람 - 보도통행중,안전운전불이행,포장 - 건조,맑음,교차로 - 교차로부근,승용,남,64세,상해없음,보행자,남,35세,경상
684,2021070500100235,2021년 7월 5일 12시,월요일,충청남도 천안시 서북구 불당동,중상사고,0,1,0,0,차대사람 - 기타,안전운전불이행,포장 - 건조,맑음,단일로 - 기타,자전거,남,14세,상해없음,보행자,여,60세,중상
685,2021070500100330,2021년 7월 5일 15시,월요일,충청남도 홍성군 홍성읍,경상사고,0,0,1,0,차대사람 - 기타,안전운전불이행,포장 - 건조,맑음,단일로 - 기타,승용,여,68세,상해없음,보행자,남,40세,경상
686,2021070500100414,2021년 7월 5일 17시,월요일,충청남도 당진시 채운동,중상사고,0,1,2,0,차대사람 - 횡단중,안전운전불이행,포장 - 건조,흐림,교차로 - 교차로부근,승용,남,43세,기타불명,보행자,남,80세,경상
687,2021070500100576,2021년 7월 5일 22시,월요일,충청남도 당진시 읍내동,경상사고,0,0,1,0,차대사람 - 횡단중,보행자보호의무위반,포장 - 젖음/습기,비,교차로 - 교차로부근,승용,남,31세,상해없음,보행자,여,21세,경상
688,2021070600100475,2021년 7월 6일 19시,화요일,충청남도 당진시 신평면,경상사고,0,0,1,0,차대사람 - 기타,안전운전불이행,포장 - 건조,맑음,교차로 - 교차로부근,화물,남,66세,상해없음,보행자,남,73세,경상
689,2021070600100507,2021년 7월 6일 20시,화요일,충청남도 논산시 내동,사망사고,1,0,0,0,차대사람 - 횡단중,안전운전불이행,포장 - 젖음/습기,비,교차로 - 교차로안,이륜,남,20세,상해없음,보행자,남,79세,사망
690,2021070700100005,2021년 7월 7일 00시,수요일,충청남도 아산시 용화동,경상사고,0,0,2,0,차대사람 - 차도통행중,안전운전불이행,포장 - 젖음/습기,비,교차로 - 교차로부근,승용,남,28세,상해없음,보행자,여,21세,경상
691,2021070700100095,2021년 7월 7일 08시,수요일,충청남도 공주시 신관동,경상사고,0,0,1,0,차대사람 - 횡단중,보행자보호의무위반,포장 - 건조,맑음,교차로 - 교차로횡단보도내,승용,여,44세,상해없음,보행자,남,8세,경상
692,2021070700100417,2021년 7월 7일 17시,수요일,충청남도 천안시 동남구 신부동,부상신고사고,0,0,0,2,차대사람 - 길가장자리구역통행중,기타,포장 - 건조,맑음,단일로 - 기타,기타불명,기타불명,미분류,기타불명,보행자,여,19세,부상신고
693,2021070700100545,2021년 7월 7일 20시,수요일,충청남도 천안시 서북구 성정동,부상신고사고,0,0,0,1,차대사람 - 기타,안전운전불이행,포장 - 건조,맑음,교차로 - 교차로안,화물,남,42세,상해없음,보행자,남,55세,상해없음
694,2021070800100278,2021년 7월 8일 13시,목요일,충청남도 천안시 서북구 직산읍,경상사고,0,0,1,0,차대사람 - 기타,안전운전불이행,포장 - 건조,맑음,단일로 - 기타,특수,남,41세,상해없음,보행자,남,31세,경상
695,2021070800100374,2021년 7월 8일 16시,목요일,충청남도 서산시 성연면,경상사고,0,0,1,0,차대사람 - 횡단중,안전운전불이행,포장 - 건조,맑음,기타 - 기타,승용,남,31세,상해없음,보행자,여,40세,경상
696,2021070800100375,2021년 7월 8일 16시,목요일,충청남도 천안시 동남구 다가동,경상사고,0,0,1,0,차대사람 - 기타,안전운전불이행,포장 - 건조,맑음,단일로 - 기타,승용,여,60세,상해없음,보행자,남,7세,경상
697,2021070800100450,2021년 7월 8일 18시,목요일,충청남도 서산시 읍내동,중상사고,0,1,0,0,차대사람 - 횡단중,보행자보호의무위반,포장 - 건조,맑음,단일로 - 기타,승용,여,55세,상해없음,보행자,여,49세,중상
698,2021070900100089,2021년 7월 9일 08시,금요일,충청남도 아산시 모종동,중상사고,0,1,0,0,차대사람 - 보도통행중,보행자보호의무위반,포장 - 건조,맑음,단일로 - 기타,승용,여,37세,상해없음,보행자,남,43세,중상
699,2021070900100452,2021년 7월 9일 18시,금요일,충청남도 천안시 서북구 백석동,경상사고,0,0,1,0,차대사람 - 기타,보행자보호의무위반,포장 - 건조,맑음,교차로 - 교차로횡단보도내,승용,남,55세,상해없음,보행자,남,7세,경상
700,2021071000100011,2021년 7월 10일 00시,토요일,충청남도 천안시 서북구 두정동,경상사고,0,0,1,0,차대사람 - 기타,안전운전불이행,포장 - 건조,맑음,기타 - 기타,승용,남,22세,상해없음,보행자,남,22세,경상
701,2021071000100132,2021년 7월 10일 09시,토요일,충청남도 서산시 석남동,중상사고,0,1,0,0,차대사람 - 횡단중,안전운전불이행,포장 - 건조,맑음,교차로 - 교차로안,승용,남,87세,상해없음,보행자,여,55세,중상
702,2021071000100133,2021년 7월 10일 09시,토요일,충청남도 서천군 서면,경상사고,0,0,1,0,차대사람 - 길가장자리구역통행중,안전운전불이행,포장 - 건조,맑음,교차로 - 교차로안,승용,남,37세,상해없음,보행자,여,26세,경상
703,2021071000100335,2021년 7월 10일 14시,토요일,충청남도 홍성군 홍성읍,중상사고,0,1,0,0,차대사람 - 기타,안전운전불이행,포장 - 건조,맑음,교차로 - 교차로부근,승용,여,40세,상해없음,보행자,여,81세,중상
704,2021071000100606,2021년 7월 10일 23시,토요일,충청남도 천안시 서북구 두정동,경상사고,0,0,1,0,차대사람 - 기타,안전운전불이행,포장 - 건조,맑음,단일로 - 기타,화물,남,53세,상해없음,보행자,남,26세,경상
705,2021071100100022,2021년 7월 11일 02시,일요일,충청남도 아산시 둔포면,중상사고,0,1,0,0,차대사람 - 기타,안전운전불이행,포장 - 건조,맑음,단일로 - 기타,승용,여,52세,상해없음,보행자,남,21세,중상
706,2021071100100262,2021년 7월 11일 17시,일요일,충청남도 서산시 지곡면,중상사고,0,1,0,0,차대사람 - 기타,보행자보호의무위반,포장 - 건조,맑음,교차로 - 교차로안,승용,남,50세,상해없음,보행자,여,76세,중상
707,2021071100100380,2021년 7월 11일 21시,일요일,충청남도 공주시 유구읍,경상사고,0,0,1,0,차대사람 - 차도통행중,안전운전불이행,포장 - 건조,맑음,단일로 - 기타,승용,남,57세,상해없음,보행자,남,54세,경상
708,2021071100100381,2021년 7월 11일 21시,일요일,충청남도 천안시 동남구 신부동,경상사고,0,0,1,0,차대사람 - 횡단중,보행자보호의무위반,포장 - 건조,맑음,단일로 - 기타,승합,남,37세,상해없음,보행자,여,16세,경상
709,2021071200100100,2021년 7월 12일 09시,월요일,충청남도 계룡시 두마면,중상사고,0,1,0,0,차대사람 - 횡단중,신호위반,포장 - 건조,맑음,교차로 - 교차로횡단보도내,승용,여,48세,상해없음,보행자,여,32세,중상
710,2021071200100125,2021년 7월 12일 10시,월요일,충청남도 부여군 부여읍,중상사고,0,1,0,0,차대사람 - 횡단중,안전운전불이행,포장 - 건조,맑음,교차로 - 교차로안,화물,남,72세,상해없음,보행자,여,82세,중상
711,2021071200100449,2021년 7월 12일 18시,월요일,충청남도 아산시 모종동,경상사고,0,0,1,0,차대사람 - 기타,기타,포장 - 건조,맑음,기타 - 기타,이륜,남,41세,기타불명,보행자,남,11세,경상
712,2021071300100106,2021년 7월 13일 08시,화요일,충청남도 서산시 부석면,사망사고,1,0,0,0,차대사람 - 기타,안전운전불이행,포장 - 건조,흐림,단일로 - 기타,화물,남,44세,상해없음,보행자,여,34세,사망
713,2021071400100005,2021년 7월 14일 00시,수요일,충청남도 천안시 서북구 성정동,경상사고,0,0,1,0,차대사람 - 길가장자리구역통행중,안전운전불이행,포장 - 건조,맑음,단일로 - 기타,승용,남,24세,기타불명,보행자,남,36세,경상
714,2021071400100414,2021년 7월 14일 17시,수요일,충청남도 보령시 웅천읍,중상사고,0,1,0,0,차대사람 - 기타,안전운전불이행,포장 - 건조,맑음,단일로 - 기타,승용,여,65세,상해없음,보행자,남,72세,중상
715,2021071400100515,2021년 7월 14일 19시,수요일,충청남도 아산시 배방읍,중상사고,0,1,0,0,차대사람 - 기타,안전운전불이행,포장 - 건조,맑음,기타 - 기타,승용,남,29세,상해없음,보행자,여,74세,중상
716,2021071500100003,2021년 7월 15일 00시,목요일,충청남도 천안시 서북구 성정동,경상사고,0,0,2,0,차대사람 - 횡단중,안전운전불이행,포장 - 건조,맑음,단일로 - 고가도로위,이륜,남,27세,상해없음,보행자,여,24세,경상
717,2021071500100269,2021년 7월 15일 13시,목요일,충청남도 예산군 예산읍,사망사고,1,0,0,0,차대사람 - 횡단중,신호위반,포장 - 건조,맑음,교차로 - 교차로안,승용,남,62세,상해없음,보행자,남,20세,사망
718,2021071500100374,2021년 7월 15일 16시,목요일,충청남도 천안시 동남구 신부동,경상사고,0,0,1,0,차대사람 - 기타,안전운전불이행,포장 - 건조,맑음,단일로 - 기타,승용,남,27세,상해없음,보행자,여,20세,경상
719,2021071500100512,2021년 7월 15일 19시,목요일,충청남도 천안시 동남구 용곡동,경상사고,0,0,1,0,차대사람 - 횡단중,보행자보호의무위반,포장 - 건조,맑음,교차로 - 교차로횡단보도내,승용,남,31세,상해없음,보행자,남,50세,경상
720,2021071500100566,2021년 7월 15일 21시,목요일,충청남도 금산군 금산읍,중상사고,0,1,0,0,차대사람 - 기타,안전운전불이행,포장 - 건조,맑음,교차로 - 교차로부근,승용,여,44세,상해없음,보행자,남,55세,중상
721,2021071600100052,2021년 7월 16일 07시,금요일,충청남도 보령시 궁촌동,경상사고,0,0,1,0,차대사람 - 기타,안전운전불이행,포장 - 건조,맑음,단일로 - 교량,승용,남,80세,상해없음,보행자,여,56세,경상
722,2021071600100193,2021년 7월 16일 11시,금요일,충청남도 홍성군 홍성읍,경상사고,0,0,1,0,차대사람 - 횡단중,보행자보호의무위반,포장 - 건조,맑음,단일로 - 기타,화물,남,66세,상해없음,보행자,남,30세,경상
723,2021071600100308,2021년 7월 16일 14시,금요일,충청남도 보령시 대천동,중상사고,0,1,0,0,차대사람 - 횡단중,보행자보호의무위반,포장 - 건조,맑음,교차로 - 교차로부근,화물,남,47세,상해없음,보행자,여,82세,중상
724,2021071600100542,2021년 7월 16일 19시,금요일,충청남도 천안시 동남구 사직동,중상사고,0,1,0,0,차대사람 - 횡단중,보행자보호의무위반,포장 - 건조,맑음,단일로 - 기타,이륜,남,47세,상해없음,보행자,남,77세,중상
725,2021071600100583,2021년 7월 16일 20시,금요일,충청남도 보령시 궁촌동,중상사고,0,1,0,0,차대사람 - 횡단중,보행자보호의무위반,포장 - 건조,맑음,교차로 - 교차로횡단보도내,승용,남,67세,상해없음,보행자,남,46세,중상
726,2021071600100681,2021년 7월 16일 23시,금요일,충청남도 서천군 서천읍,사망사고,1,0,0,0,차대사람 - 차도통행중,과속,포장 - 건조,맑음,단일로 - 기타,승용,남,26세,상해없음,보행자,남,61세,사망
727,2021071700100072,2021년 7월 17일 07시,토요일,충청남도 부여군 은산면,경상사고,0,0,1,0,차대사람 - 기타,안전운전불이행,포장 - 건조,맑음,단일로 - 기타,건설기계,남,62세,상해없음,보행자,여,57세,경상
728,2021071700100231,2021년 7월 17일 12시,토요일,충청남도 보령시 대천동,경상사고,0,0,1,0,차대사람 - 기타,안전운전불이행,포장 - 건조,맑음,단일로 - 기타,승용,남,61세,상해없음,보행자,남,72세,경상
729,2021071700100349,2021년 7월 17일 15시,토요일,충청남도 서천군 서면,경상사고,0,0,1,0,차대사람 - 기타,안전운전불이행,포장 - 건조,맑음,교차로 - 교차로안,승용,여,47세,상해없음,보행자,남,69세,경상
730,2021071700100384,2021년 7월 17일 16시,토요일,충청남도 공주시 금성동,중상사고,0,1,0,0,차대사람 - 횡단중,보행자보호의무위반,포장 - 건조,맑음,교차로 - 교차로횡단보도내,승합,남,44세,상해없음,보행자,여,31세,중상
731,2021071700100425,2021년 7월 17일 17시,토요일,충청남도 당진시 읍내동,경상사고,0,0,1,0,차대사람 - 기타,안전운전불이행,포장 - 건조,맑음,단일로 - 기타,승용,여,51세,상해없음,보행자,여,72세,경상
732,2021071800100287,2021년 7월 18일 17시,일요일,충청남도 천안시 서북구 불당동,경상사고,0,0,1,0,차대사람 - 기타,기타,포장 - 건조,맑음,단일로 - 기타,개인형이동수단(PM),남,16세,상해없음,보행자,여,4세,경상
733,2021071800100367,2021년 7월 18일 20시,일요일,충청남도 서산시 수석동,경상사고,0,0,1,0,차대사람 - 횡단중,안전운전불이행,포장 - 건조,맑음,교차로 - 교차로안,승용,여,40세,상해없음,보행자,남,44세,경상
734,2021071800100368,2021년 7월 18일 20시,일요일,충청남도 천안시 동남구 원성동,부상신고사고,0,0,0,1,차대사람 - 기타,안전운전불이행,포장 - 젖음/습기,비,단일로 - 기타,이륜,남,33세,부상신고,보행자,여,82세,상해없음
735,2021071900100599,2021년 7월 19일 23시,월요일,충청남도 부여군 규암면,중상사고,0,2,0,0,차대사람 - 기타,기타,포장 - 건조,맑음,단일로 - 기타,승용,남,64세,상해없음,보행자,여,61세,중상
736,2021072000100167,2021년 7월 20일 11시,화요일,충청남도 아산시 온천동,중상사고,0,1,0,0,차대사람 - 길가장자리구역통행중,안전운전불이행,포장 - 건조,맑음,단일로 - 기타,승용,남,81세,상해없음,보행자,여,72세,중상
737,2021072100100009,2021년 7월 21일 00시,수요일,충청남도 천안시 서북구 직산읍,중상사고,0,1,0,0,차대사람 - 길가장자리구역통행중,안전운전불이행,포장 - 건조,맑음,기타 - 기타,화물,남,72세,상해없음,보행자,남,56세,중상
738,2021072100100370,2021년 7월 21일 15시,수요일,충청남도 천안시 서북구 쌍용동,경상사고,0,0,1,0,차대사람 - 횡단중,신호위반,포장 - 건조,기타,기타 - 기타,승용,여,69세,상해없음,보행자,남,11세,경상
739,2021072100100472,2021년 7월 21일 17시,수요일,충청남도 논산시 연무읍,사망사고,1,0,0,0,차대사람 - 횡단중,안전운전불이행,포장 - 건조,맑음,교차로 - 교차로안,화물,남,56세,상해없음,보행자,여,85세,사망
740,2021072100100668,2021년 7월 21일 23시,수요일,충청남도 서산시 읍내동,중상사고,0,1,0,0,차대사람 - 횡단중,안전운전불이행,포장 - 건조,맑음,교차로 - 교차로안,승용,남,50세,상해없음,보행자,여,79세,중상
741,2021072200100361,2021년 7월 22일 15시,목요일,충청남도 천안시 서북구 불당동,경상사고,0,0,1,0,차대사람 - 횡단중,안전운전불이행,포장 - 건조,맑음,단일로 - 기타,승용,남,28세,기타불명,보행자,남,10세,경상
742,2021072200100362,2021년 7월 22일 15시,목요일,충청남도 계룡시 엄사면,경상사고,0,0,2,0,차대사람 - 길가장자리구역통행중,중앙선침범,포장 - 건조,맑음,단일로 - 기타,화물,남,77세,경상,보행자,남,65세,경상
743,2021072200100363,2021년 7월 22일 15시,목요일,충청남도 보령시 대천동,경상사고,0,0,1,0,차대사람 - 기타,안전운전불이행,포장 - 건조,맑음,단일로 - 기타,승용,남,69세,상해없음,보행자,여,62세,경상
744,2021072200100536,2021년 7월 22일 19시,목요일,충청남도 천안시 서북구 쌍용동,경상사고,0,0,1,0,차대사람 - 보도통행중,신호위반,포장 - 건조,맑음,단일로 - 기타,승용,여,45세,상해없음,보행자,여,45세,경상
745,2021072200100597,2021년 7월 22일 21시,목요일,충청남도 당진시 읍내동,경상사고,0,0,1,0,차대사람 - 기타,안전운전불이행,포장 - 건조,맑음,교차로 - 교차로안,승용,남,33세,상해없음,보행자,남,62세,경상
746,2021072300100160,2021년 7월 23일 10시,금요일,충청남도 천안시 동남구 원성동,중상사고,0,1,0,0,차대사람 - 기타,안전운전불이행,포장 - 건조,맑음,단일로 - 기타,승용,남,67세,상해없음,보행자,여,81세,중상
747,2021072300100343,2021년 7월 23일 15시,금요일,충청남도 당진시 읍내동,부상신고사고,0,0,0,1,차대사람 - 횡단중,안전운전불이행,포장 - 건조,맑음,단일로 - 기타,화물,남,59세,상해없음,보행자,여,75세,부상신고
748,2021072300100441,2021년 7월 23일 17시,금요일,충청남도 보령시 신흑동,경상사고,0,0,2,0,차대사람 - 기타,안전운전불이행,포장 - 건조,맑음,단일로 - 기타,승용,남,61세,상해없음,보행자,여,20세,경상
749,2021072300100546,2021년 7월 23일 19시,금요일,충청남도 당진시 읍내동,중상사고,0,1,0,0,차대사람 - 횡단중,안전운전불이행,포장 - 건조,맑음,단일로 - 기타,이륜,남,32세,상해없음,보행자,남,10세,중상
750,2021072400100165,2021년 7월 24일 11시,토요일,충청남도 서산시 동문동,중상사고,0,1,0,0,차대사람 - 횡단중,안전운전불이행,포장 - 건조,맑음,단일로 - 기타,승용,남,68세,상해없음,보행자,남,56세,중상
751,2021072400100204,2021년 7월 24일 12시,토요일,충청남도 천안시 동남구 봉명동,경상사고,0,0,1,0,차대사람 - 차도통행중,안전운전불이행,포장 - 건조,맑음,단일로 - 기타,승용,남,66세,상해없음,보행자,남,43세,경상
752,2021072400100445,2021년 7월 24일 18시,토요일,충청남도 서산시 동문동,경상사고,0,0,1,0,차대사람 - 기타,안전운전불이행,포장 - 건조,맑음,교차로 - 교차로안,승용,여,53세,상해없음,보행자,남,48세,경상
753,2021072500100006,2021년 7월 25일 00시,일요일,충청남도 공주시 신관동,중상사고,0,1,0,0,차대사람 - 기타,안전운전불이행,포장 - 건조,맑음,단일로 - 기타,화물,남,53세,상해없음,보행자,남,19세,중상
754,2021072600100158,2021년 7월 26일 10시,월요일,충청남도 아산시 온천동,경상사고,0,0,1,0,차대사람 - 기타,안전운전불이행,포장 - 건조,맑음,단일로 - 기타,승용,여,63세,상해없음,보행자,여,58세,경상
755,2021072600100159,2021년 7월 26일 10시,월요일,충청남도 서천군 장항읍,중상사고,0,1,0,0,차대사람 - 기타,직진우회전진행방해,포장 - 건조,맑음,교차로 - 교차로안,승용,남,64세,상해없음,보행자,여,74세,중상
756,2021072600100161,2021년 7월 26일 10시,월요일,충청남도 부여군 부여읍,중상사고,0,1,0,0,차대사람 - 횡단중,보행자보호의무위반,포장 - 건조,맑음,교차로 - 교차로횡단보도내,화물,남,67세,상해없음,보행자,여,65세,중상
757,2021072600100331,2021년 7월 26일 14시,월요일,충청남도 보령시 대천동,경상사고,0,0,1,0,차대사람 - 횡단중,보행자보호의무위반,포장 - 건조,맑음,교차로 - 교차로횡단보도내,승용,남,61세,상해없음,보행자,여,87세,경상
758,2021072600100367,2021년 7월 26일 15시,월요일,충청남도 아산시 탕정면,중상사고,0,1,0,0,차대사람 - 기타,안전운전불이행,포장 - 건조,맑음,단일로 - 기타,승용,남,59세,상해없음,보행자,남,85세,중상
759,2021072700100029,2021년 7월 27일 05시,화요일,충청남도 당진시 대덕동,중상사고,0,1,0,0,차대사람 - 횡단중,안전운전불이행,포장 - 건조,맑음,교차로 - 교차로안,승용,남,74세,상해없음,보행자,여,56세,중상
760,2021072700100571,2021년 7월 27일 21시,화요일,충청남도 당진시 채운동,경상사고,0,0,1,0,차대사람 - 차도통행중,안전운전불이행,포장 - 건조,맑음,단일로 - 기타,승합,남,54세,상해없음,보행자,남,48세,경상
761,2021072800100160,2021년 7월 28일 10시,수요일,충청남도 보령시 동대동,경상사고,0,0,1,0,차대사람 - 기타,안전운전불이행,포장 - 건조,맑음,주차장 - 주차장,화물,남,61세,상해없음,보행자,여,55세,경상
762,2021072800100589,2021년 7월 28일 22시,수요일,충청남도 당진시 송악읍,중상사고,0,1,0,0,차대사람 - 기타,안전운전불이행,포장 - 건조,맑음,단일로 - 기타,승용,남,53세,상해없음,보행자,남,42세,중상
763,2021072800100606,2021년 7월 28일 23시,수요일,충청남도 천안시 서북구 성환읍,경상사고,0,0,1,0,차대사람 - 기타,안전운전불이행,포장 - 건조,맑음,단일로 - 기타,승용,남,33세,상해없음,보행자,남,24세,경상
764,2021072900100032,2021년 7월 29일 05시,목요일,충청남도 서산시 석림동,경상사고,0,0,1,0,차대사람 - 횡단중,안전운전불이행,포장 - 건조,맑음,단일로 - 기타,화물,남,56세,상해없음,보행자,여,61세,경상
765,2021072900100113,2021년 7월 29일 09시,목요일,충청남도 천안시 서북구 쌍용동,경상사고,0,0,1,0,차대사람 - 횡단중,보행자보호의무위반,포장 - 건조,맑음,교차로 - 교차로부근,승용,남,50세,상해없음,보행자,여,68세,경상
766,2021072900100146,2021년 7월 29일 10시,목요일,충청남도 공주시 계룡면,중상사고,0,1,0,0,차대사람 - 기타,안전운전불이행,포장 - 건조,맑음,단일로 - 기타,승합,여,48세,기타불명,보행자,남,81세,중상
767,2021072900100147,2021년 7월 29일 10시,목요일,충청남도 당진시 채운동,경상사고,0,0,1,0,차대사람 - 횡단중,보행자보호의무위반,포장 - 건조,맑음,교차로 - 교차로횡단보도내,승용,여,44세,상해없음,보행자,남,64세,경상
768,2021072900100423,2021년 7월 29일 18시,목요일,충청남도 천안시 서북구 쌍용동,중상사고,0,1,0,0,차대사람 - 기타,기타,포장 - 건조,맑음,교차로 - 교차로부근,승용,남,67세,상해없음,보행자,여,67세,중상
769,2021072900100458,2021년 7월 29일 19시,목요일,충청남도 천안시 서북구 성정동,경상사고,0,0,1,0,차대사람 - 차도통행중,안전운전불이행,포장 - 건조,맑음,단일로 - 기타,승용,여,23세,상해없음,보행자,남,42세,경상