,사고번호,사고일시,요일,시군구,사고내용,사망자수,중상자수,경상자수,부상신고자수,사고유형,법규위반,노면상태,기상상태,도로형태,가해운전자 차종,가해운전자 성별,가해운전자 연령,가해운전자 상해정도,피해운전자 차종,피해운전자 성별,피해운전자 연령,피해운전자 상해정도
1315,2021120500100090,2021년 12월 5일 09시,일요일,충청남도 서산시 운산면,사망사고,1,0,0,0,차대사람 - 횡단중,안전운전불이행,포장 - 건조,맑음,교차로 - 교차로안,승용,여,52세,상해없음,보행자,여,73세,사망
1316,2021120500100244,2021년 12월 5일 15시,일요일,충청남도 공주시 이인면,중상사고,0,1,0,0,차대사람 - 기타,안전운전불이행,포장 - 건조,맑음,교차로 - 교차로안,화물,남,39세,상해없음,보행자,여,62세,중상
1317,2021120500100311,2021년 12월 5일 17시,일요일,충청남도 예산군 덕산면,경상사고,0,0,1,0,차대사람 - 길가장자리구역통행중,안전운전불이행,포장 - 건조,맑음,기타 - 기타,승용,여,62세,상해없음,보행자,여,49세,경상
1318,2021120500100425,2021년 12월 5일 22시,일요일,충청남도 아산시 탕정면,중상사고,0,1,0,0,차대사람 - 횡단중,안전운전불이행,포장 - 건조,맑음,교차로 - 교차로횡단보도내,승용,남,50세,상해없음,보행자,남,35세,중상
1319,2021120600100150,2021년 12월 6일 10시,월요일,충청남도 천안시 동남구 다가동,중상사고,0,1,0,0,차대사람 - 횡단중,안전운전불이행,포장 - 건조,맑음,교차로 - 교차로안,승용,남,43세,상해없음,보행자,여,79세,중상
1320,2021120600100177,2021년 12월 6일 11시,월요일,충청남도 아산시 온천동,경상사고,0,0,2,0,차대사람 - 기타,안전운전불이행,포장 - 건조,맑음,교차로 - 교차로안,화물,남,55세,상해없음,보행자,여,76세,경상
1321,2021120600100527,2021년 12월 6일 21시,월요일,충청남도 공주시 신관동,중상사고,0,1,0,0,차대사람 - 횡단중,보행자보호의무위반,포장 - 건조,맑음,교차로 - 교차로안,승용,남,25세,상해없음,보행자,여,20세,중상
1322,2021120700100070,2021년 12월 7일 07시,화요일,충청남도 당진시 송산면,경상사고,0,0,1,0,차대사람 - 기타,안전운전불이행,포장 - 건조,맑음,기타 - 기타,화물,남,34세,상해없음,보행자,여,58세,경상
1323,2021120700100227,2021년 12월 7일 12시,화요일,충청남도 부여군 부여읍,중상사고,0,1,0,0,차대사람 - 횡단중,안전운전불이행,포장 - 건조,맑음,교차로 - 교차로안,승합,남,55세,상해없음,보행자,여,83세,중상
1324,2021120700100337,2021년 12월 7일 15시,화요일,충청남도 아산시 배방읍,중상사고,0,1,0,0,차대사람 - 기타,안전운전불이행,포장 - 건조,맑음,단일로 - 기타,화물,남,51세,상해없음,보행자,남,66세,중상
1325,2021120700100517,2021년 12월 7일 19시,화요일,충청남도 천안시 서북구 입장면,사망사고,1,0,0,0,차대사람 - 횡단중,안전운전불이행,포장 - 건조,기타,단일로 - 기타,승용,남,34세,상해없음,보행자,여,79세,사망
1326,2021120700100594,2021년 12월 7일 23시,화요일,충청남도 천안시 서북구 두정동,중상사고,0,1,0,0,차대사람 - 차도통행중,안전운전불이행,포장 - 건조,기타,교차로 - 교차로안,승용,여,51세,상해없음,보행자,남,45세,중상
1327,2021120800100110,2021년 12월 8일 08시,수요일,충청남도 아산시 권곡동,경상사고,0,0,1,0,차대사람 - 차도통행중,보행자보호의무위반,포장 - 건조,맑음,교차로 - 교차로안,승용,여,34세,상해없음,보행자,남,8세,경상
1328,2021120800100226,2021년 12월 8일 12시,수요일,충청남도 예산군 예산읍,경상사고,0,0,1,0,차대사람 - 횡단중,안전운전불이행,포장 - 건조,맑음,교차로 - 교차로안,승용,남,54세,상해없음,보행자,여,78세,경상
1329,2021120800100227,2021년 12월 8일 12시,수요일,충청남도 당진시 원당동,경상사고,0,0,1,0,차대사람 - 횡단중,보행자보호의무위반,포장 - 건조,맑음,교차로 - 교차로안,승용,여,61세,상해없음,보행자,여,73세,경상
1330,2021120800100424,2021년 12월 8일 17시,수요일,충청남도 논산시 연산면,중상사고,0,1,0,0,차대사람 - 차도통행중,안전운전불이행,포장 - 건조,맑음,단일로 - 기타,건설기계,남,59세,상해없음,보행자,남,53세,중상
1331,2021120800100426,2021년 12월 8일 17시,수요일,충청남도 보령시 대천동,중상사고,0,1,0,0,차대사람 - 기타,안전운전불이행,포장 - 건조,맑음,기타 - 기타,승용,남,68세,상해없음,보행자,여,57세,중상
1332,2021120800100525,2021년 12월 8일 19시,수요일,충청남도 천안시 동남구 오룡동,경상사고,0,0,1,0,차대사람 - 기타,보행자보호의무위반,포장 - 건조,맑음,교차로 - 교차로횡단보도내,승용,남,37세,상해없음,보행자,남,59세,경상
1333,2021120900100003,2021년 12월 9일 00시,목요일,충청남도 아산시 인주면,경상사고,0,0,1,0,차대사람 - 횡단중,안전운전불이행,포장 - 건조,흐림,교차로 - 교차로안,승용,여,48세,상해없음,보행자,남,35세,경상
1334,2021120900100191,2021년 12월 9일 12시,목요일,충청남도 아산시 둔포면,부상신고사고,0,0,0,1,차대사람 - 차도통행중,안전운전불이행,포장 - 건조,맑음,단일로 - 기타,승용,여,59세,상해없음,보행자,남,41세,부상신고
1335,2021120900100329,2021년 12월 9일 17시,목요일,충청남도 서천군 문산면,사망사고,1,0,0,0,차대사람 - 횡단중,안전운전불이행,포장 - 건조,맑음,단일로 - 기타,승용,남,62세,상해없음,보행자,여,92세,사망
1336,2021120900100330,2021년 12월 9일 17시,목요일,충청남도 태안군 안면읍,사망사고,1,0,0,0,차대사람 - 기타,안전운전불이행,포장 - 건조,흐림,단일로 - 기타,승용,남,69세,상해없음,보행자,여,65세,사망
1337,2021120900100430,2021년 12월 9일 19시,목요일,충청남도 아산시 좌부동,중상사고,0,1,0,0,차대사람 - 길가장자리구역통행중,안전운전불이행,포장 - 건조,맑음,기타 - 기타,승용,남,59세,상해없음,보행자,남,61세,중상
1338,2021120900100512,2021년 12월 9일 22시,목요일,충청남도 공주시 의당면,중상사고,0,1,0,0,차대사람 - 기타,안전운전불이행,포장 - 건조,맑음,기타 - 기타,승용,남,27세,상해없음,보행자,여,33세,중상
1339,2021121000100030,2021년 12월 10일 03시,금요일,충청남도 보령시 남포면,중상사고,0,1,0,0,차대사람 - 횡단중,안전운전불이행,포장 - 건조,맑음,단일로 - 기타,승용,남,51세,상해없음,보행자,남,54세,중상
1340,2021121000100058,2021년 12월 10일 06시,금요일,충청남도 보령시 대천동,중상사고,0,1,0,0,차대사람 - 기타,안전운전불이행,포장 - 건조,맑음,단일로 - 기타,승용,남,49세,상해없음,보행자,남,54세,중상
1341,2021121000100144,2021년 12월 10일 09시,금요일,충청남도 서천군 마산면,경상사고,0,0,1,0,차대사람 - 기타,안전운전불이행,포장 - 건조,맑음,단일로 - 기타,승합,남,61세,상해없음,보행자,여,85세,경상
1342,2021121000100467,2021년 12월 10일 18시,금요일,충청남도 부여군 부여읍,경상사고,0,0,1,0,차대사람 - 길가장자리구역통행중,안전운전불이행,포장 - 건조,맑음,단일로 - 기타,승용,여,61세,상해없음,보행자,여,50세,경상
1343,2021121000100577,2021년 12월 10일 20시,금요일,충청남도 아산시 둔포면,중상사고,0,1,0,0,차대사람 - 차도통행중,안전운전불이행,포장 - 기타,맑음,기타 - 기타,승용,남,40세,상해없음,보행자,남,66세,중상
1344,2021121100100082,2021년 12월 11일 07시,토요일,충청남도 당진시 읍내동,중상사고,0,1,0,0,차대사람 - 기타,안전운전불이행,포장 - 건조,맑음,주차장 - 주차장,승용,여,50세,상해없음,보행자,여,61세,중상
1345,2021121100100164,2021년 12월 11일 11시,토요일,충청남도 논산시 내동,경상사고,0,0,1,0,차대사람 - 보도통행중,기타,포장 - 건조,맑음,단일로 - 기타,이륜,남,38세,상해없음,보행자,여,46세,경상
1346,2021121100100256,2021년 12월 11일 14시,토요일,충청남도 천안시 서북구 쌍용동,경상사고,0,0,1,0,차대사람 - 기타,안전운전불이행,포장 - 건조,맑음,교차로 - 교차로안,승합,남,55세,상해없음,보행자,여,75세,경상
1347,2021121200100297,2021년 12월 12일 18시,일요일,충청남도 당진시 석문면,중상사고,0,1,0,0,차대사람 - 길가장자리구역통행중,안전운전불이행,포장 - 건조,맑음,단일로 - 기타,승용,남,30세,상해없음,보행자,남,65세,중상
1348,2021121200100379,2021년 12월 12일 21시,일요일,충청남도 아산시 모종동,경상사고,0,0,1,0,차대사람 - 횡단중,보행자보호의무위반,포장 - 건조,맑음,교차로 - 교차로횡단보도내,승용,여,20세,상해없음,보행자,여,17세,경상
1349,2021121300100024,2021년 12월 13일 04시,월요일,충청남도 논산시 반월동,경상사고,0,0,1,0,차대사람 - 기타,안전운전불이행,포장 - 건조,맑음,기타 - 기타,이륜,남,25세,경상,보행자,남,54세,상해없음
1350,2021121300100075,2021년 12월 13일 07시,월요일,충청남도 천안시 동남구 목천읍,사망사고,1,0,0,0,차대사람 - 횡단중,안전운전불이행,포장 - 건조,맑음,단일로 - 기타,승용,남,62세,상해없음,보행자,여,69세,사망
1351,2021121300100114,2021년 12월 13일 08시,월요일,충청남도 금산군 진산면,중상사고,0,1,0,0,차대사람 - 기타,안전운전불이행,포장 - 건조,맑음,단일로 - 기타,승용,여,62세,상해없음,보행자,남,67세,중상
1352,2021121300100186,2021년 12월 13일 10시,월요일,충청남도 아산시 둔포면,중상사고,0,1,0,0,차대사람 - 기타,안전운전불이행,포장 - 건조,맑음,단일로 - 기타,화물,남,59세,상해없음,보행자,남,54세,중상
1353,2021121300100454,2021년 12월 13일 18시,월요일,충청남도 천안시 서북구 성정동,경상사고,0,0,1,0,차대사람 - 기타,안전운전불이행,포장 - 건조,맑음,교차로 - 교차로안,승용,남,29세,상해없음,보행자,남,63세,경상
1354,2021121300100455,2021년 12월 13일 18시,월요일,충청남도 천안시 서북구 쌍용동,경상사고,0,0,1,0,차대사람 - 횡단중,안전운전불이행,포장 - 건조,맑음,교차로 - 교차로안,승용,남,53세,상해없음,보행자,남,30세,경상
1355,2021121300100541,2021년 12월 13일 20시,월요일,충청남도 천안시 동남구 구성동,경상사고,0,0,1,0,차대사람 - 기타,안전운전불이행,포장 - 건조,맑음,단일로 - 기타,승용,여,53세,상해없음,보행자,남,23세,경상
1356,2021121400100233,2021년 12월 14일 14시,화요일,충청남도 서천군 서천읍,경상사고,0,0,1,0,차대사람 - 횡단중,보행자보호의무위반,포장 - 건조,맑음,교차로 - 교차로안,승용,여,67세,상해없음,보행자,여,42세,경상
1357,2021121400100297,2021년 12월 14일 16시,화요일,충청남도 논산시 강경읍,경상사고,0,0,1,0,차대사람 - 횡단중,보행자보호의무위반,포장 - 건조,맑음,교차로 - 교차로부근,승용,남,65세,상해없음,보행자,남,66세,경상
1358,2021121500100007,2021년 12월 15일 00시,수요일,충청남도 보령시 대천동,중상사고,0,1,0,0,차대사람 - 기타,안전운전불이행,포장 - 건조,맑음,교차로 - 교차로부근,승용,남,63세,상해없음,보행자,남,66세,중상
1359,2021121500100156,2021년 12월 15일 09시,수요일,충청남도 아산시 온천동,경상사고,0,0,1,0,차대사람 - 횡단중,보행자보호의무위반,포장 - 젖음/습기,비,교차로 - 교차로안,승용,여,60세,상해없음,보행자,남,19세,경상
1360,2021121500100270,2021년 12월 15일 13시,수요일,충청남도 보령시 명천동,경상사고,0,0,1,0,차대사람 - 차도통행중,안전운전불이행,포장 - 건조,맑음,기타 - 기타,승용,여,51세,상해없음,보행자,남,14세,경상
1361,2021121500100385,2021년 12월 15일 17시,수요일,충청남도 예산군 예산읍,중상사고,0,1,0,0,차대사람 - 기타,보행자보호의무위반,포장 - 젖음/습기,흐림,교차로 - 교차로안,승용,남,54세,상해없음,보행자,남,51세,중상
1362,2021121500100508,2021년 12월 15일 19시,수요일,충청남도 당진시 합덕읍,중상사고,0,1,0,0,차대사람 - 기타,안전운전불이행,포장 - 건조,맑음,교차로 - 교차로횡단보도내,승용,남,25세,상해없음,보행자,남,21세,중상
1363,2021121500100573,2021년 12월 15일 21시,수요일,충청남도 천안시 서북구 불당동,경상사고,0,0,1,0,차대사람 - 기타,안전운전불이행,포장 - 건조,맑음,단일로 - 기타,승용,여,21세,상해없음,보행자,남,32세,경상
1364,2021121500100594,2021년 12월 15일 22시,수요일,충청남도 천안시 서북구 성정동,경상사고,0,0,1,0,차대사람 - 기타,안전운전불이행,포장 - 건조,맑음,단일로 - 기타,화물,남,46세,상해없음,보행자,여,49세,경상
1365,2021121600100066,2021년 12월 16일 07시,목요일,충청남도 서산시 부석면,사망사고,1,0,0,0,차대사람 - 기타,안전운전불이행,포장 - 젖음/습기,안개,교차로 - 교차로안,승용,남,61세,상해없음,보행자,여,89세,사망
1366,2021121600100067,2021년 12월 16일 07시,목요일,충청남도 공주시 산성동,중상사고,0,1,0,0,차대사람 - 횡단중,안전운전불이행,포장 - 건조,맑음,교차로 - 교차로부근,화물,남,27세,상해없음,보행자,여,86세,중상
1367,2021121600100150,2021년 12월 16일 10시,목요일,충청남도 당진시 송산면,중상사고,0,1,0,0,차대사람 - 길가장자리구역통행중,안전운전불이행,포장 - 건조,맑음,단일로 - 기타,이륜,남,40세,상해없음,보행자,여,73세,중상
1368,2021121600100208,2021년 12월 16일 12시,목요일,충청남도 금산군 금산읍,중상사고,0,1,0,0,차대사람 - 기타,안전운전불이행,포장 - 건조,맑음,교차로 - 교차로부근,화물,남,49세,상해없음,보행자,여,72세,중상
1369,2021121700100073,2021년 12월 17일 07시,금요일,충청남도 홍성군 은하면,사망사고,1,0,0,0,차대사람 - 기타,안전운전불이행,포장 - 건조,맑음,단일로 - 기타,승용,남,59세,상해없음,보행자,여,58세,사망
1370,2021121700100497,2021년 12월 17일 18시,금요일,충청남도 태안군 태안읍,경상사고,0,0,1,0,차대사람 - 차도통행중,안전운전불이행,포장 - 젖음/습기,눈,교차로 - 교차로안,승용,남,24세,상해없음,보행자,남,51세,경상
1371,2021121800100047,2021년 12월 18일 01시,토요일,충청남도 아산시 둔포면,경상사고,0,0,1,0,차대사람 - 길가장자리구역통행중,안전운전불이행,포장 - 건조,맑음,기타 - 기타,승용,남,43세,상해없음,보행자,남,62세,경상
1372,2021121800100089,2021년 12월 18일 07시,토요일,충청남도 예산군 신양면,중상사고,0,1,0,0,차대사람 - 횡단중,신호위반,포장 - 젖음/습기,흐림,교차로 - 교차로부근,승용,남,25세,상해없음,보행자,여,57세,중상
1373,2021121800100173,2021년 12월 18일 11시,토요일,충청남도 예산군 예산읍,경상사고,0,0,1,0,차대사람 - 횡단중,보행자보호의무위반,포장 - 건조,맑음,교차로 - 교차로안,승용,남,60세,상해없음,보행자,남,73세,경상
1374,2021121800100234,2021년 12월 18일 13시,토요일,충청남도 보령시 천북면,중상사고,0,1,0,0,차대사람 - 기타,안전운전불이행,포장 - 건조,맑음,단일로 - 기타,승용,남,53세,상해없음,보행자,남,57세,중상
1375,2021121800100509,2021년 12월 18일 19시,토요일,충청남도 천안시 서북구 쌍용동,경상사고,0,0,1,0,차대사람 - 기타,신호위반,포장 - 젖음/습기,눈,교차로 - 교차로횡단보도내,승용,여,40세,상해없음,보행자,남,28세,경상
1376,2021121900100086,2021년 12월 19일 11시,일요일,충청남도 청양군 청양읍,중상사고,0,1,1,0,차대사람 - 기타,안전운전불이행,포장 - 젖음/습기,맑음,교차로 - 교차로안,승용,남,63세,상해없음,보행자,남,51세,경상
1377,2021121900100168,2021년 12월 19일 14시,일요일,충청남도 천안시 서북구 불당동,중상사고,0,1,1,0,차대사람 - 횡단중,신호위반,포장 - 건조,맑음,교차로 - 교차로부근,승용,남,30세,상해없음,보행자,여,11세,경상
1378,2021121900100256,2021년 12월 19일 18시,일요일,충청남도 천안시 서북구 두정동,경상사고,0,0,1,0,차대사람 - 횡단중,신호위반,포장 - 건조,맑음,교차로 - 교차로횡단보도내,승용,남,28세,상해없음,보행자,여,26세,경상
1379,2021121900100257,2021년 12월 19일 18시,일요일,충청남도 홍성군 홍북읍,중상사고,0,1,0,0,차대사람 - 기타,안전운전불이행,포장 - 기타,흐림,교차로 - 교차로안,승용,여,62세,상해없음,보행자,남,73세,중상
1380,2021121900100340,2021년 12월 19일 21시,일요일,충청남도 예산군 예산읍,중상사고,0,1,0,0,차대사람 - 기타,안전운전불이행,포장 - 건조,맑음,교차로 - 교차로부근,승용,남,17세,상해없음,보행자,여,45세,중상
1381,2021122000100077,2021년 12월 20일 08시,월요일,충청남도 아산시 인주면,중상사고,0,1,0,0,차대사람 - 횡단중,안전운전불이행,포장 - 건조,맑음,단일로 - 기타,승용,여,32세,상해없음,보행자,여,10세,중상
1382,2021122000100466,2021년 12월 20일 18시,월요일,충청남도 서천군 서면,경상사고,0,0,1,0,차대사람 - 차도통행중,안전운전불이행,포장 - 건조,맑음,단일로 - 기타,승용,남,48세,상해없음,보행자,남,55세,경상
1383,2021122100100341,2021년 12월 21일 17시,화요일,충청남도 서산시 읍내동,경상사고,0,0,1,0,차대사람 - 횡단중,보행자보호의무위반,포장 - 건조,맑음,교차로 - 교차로횡단보도내,화물,남,74세,상해없음,보행자,여,39세,경상
1384,2021122100100389,2021년 12월 21일 18시,화요일,충청남도 당진시 읍내동,중상사고,0,1,0,0,차대사람 - 횡단중,보행자보호의무위반,포장 - 건조,맑음,단일로 - 기타,이륜,남,35세,상해없음,보행자,남,53세,중상
1385,2021122100100513,2021년 12월 21일 21시,화요일,충청남도 천안시 서북구 백석동,부상신고사고,0,0,0,1,차대사람 - 기타,안전운전불이행,포장 - 건조,맑음,주차장 - 주차장,화물,남,27세,상해없음,보행자,남,39세,부상신고
1386,2021122200100123,2021년 12월 22일 09시,수요일,충청남도 서산시 동문동,경상사고,0,0,1,0,차대사람 - 횡단중,보행자보호의무위반,포장 - 건조,맑음,단일로 - 기타,승용,여,62세,상해없음,보행자,남,69세,경상
1387,2021122200100179,2021년 12월 22일 11시,수요일,충청남도 서산시 성연면,중상사고,0,1,0,0,차대사람 - 기타,안전운전불이행,포장 - 건조,맑음,단일로 - 기타,화물,남,54세,상해없음,보행자,여,80세,중상
1388,2021122200100284,2021년 12월 22일 14시,수요일,충청남도 아산시 배방읍,중상사고,0,1,0,0,차대사람 - 기타,안전운전불이행,포장 - 건조,맑음,기타 - 기타,승합,남,54세,상해없음,보행자,여,69세,중상
1389,2021122200100361,2021년 12월 22일 16시,수요일,충청남도 공주시 반죽동,경상사고,0,0,1,0,차대사람 - 보도통행중,안전운전불이행,포장 - 건조,맑음,교차로 - 교차로부근,이륜,남,75세,상해없음,보행자,여,12세,경상
1390,2021122200100362,2021년 12월 22일 16시,수요일,충청남도 금산군 금산읍,경상사고,0,0,1,0,차대사람 - 차도통행중,안전운전불이행,포장 - 건조,맑음,교차로 - 교차로부근,승용,여,62세,상해없음,보행자,여,81세,경상
1391,2021122200100508,2021년 12월 22일 19시,수요일,충청남도 천안시 동남구 용곡동,중상사고,0,1,0,0,차대사람 - 기타,안전운전불이행,포장 - 건조,맑음,단일로 - 기타,자전거,여,44세,기타불명,보행자,여,56세,중상
1392,2021122200100576,2021년 12월 22일 21시,수요일,충청남도 홍성군 금마면,중상사고,0,1,0,0,차대사람 - 차도통행중,안전거리미확보,포장 - 건조,맑음,교차로 - 교차로부근,승용,남,22세,상해없음,보행자,남,41세,중상
1393,2021122200100577,2021년 12월 22일 21시,수요일,충청남도 아산시 모종동,중상사고,0,2,0,0,차대사람 - 기타,안전운전불이행,포장 - 건조,맑음,단일로 - 기타,승용,남,30세,상해없음,보행자,여,41세,중상
1394,2021122300100254,2021년 12월 23일 14시,목요일,충청남도 서산시 동문동,중상사고,0,1,0,0,차대사람 - 횡단중,신호위반,포장 - 건조,맑음,교차로 - 교차로횡단보도내,승용,남,54세,상해없음,보행자,여,67세,중상
1395,2021122300100419,2021년 12월 23일 18시,목요일,충청남도 공주시 옥룡동,경상사고,0,0,1,0,차대사람 - 기타,안전운전불이행,포장 - 건조,맑음,주차장 - 주차장,승용,남,59세,상해없음,보행자,남,49세,경상
1396,2021122300100420,2021년 12월 23일 18시,목요일,충청남도 당진시 석문면,경상사고,0,0,1,0,차대사람 - 길가장자리구역통행중,안전운전불이행,포장 - 건조,기타,단일로 - 기타,승용,남,34세,상해없음,보행자,남,74세,경상
1397,2021122400100036,2021년 12월 24일 06시,금요일,충청남도 논산시 상월면,경상사고,0,0,1,0,차대사람 - 횡단중,안전운전불이행,포장 - 건조,맑음,교차로 - 교차로부근,승용,여,57세,상해없음,보행자,여,74세,경상
1398,2021122400100060,2021년 12월 24일 07시,금요일,충청남도 보령시 죽정동,사망사고,1,0,0,0,차대사람 - 횡단중,과속,포장 - 건조,맑음,교차로 - 교차로안,승용,여,36세,상해없음,보행자,여,72세,사망
1399,2021122400100248,2021년 12월 24일 14시,금요일,충청남도 아산시 모종동,경상사고,0,0,1,0,차대사람 - 횡단중,보행자보호의무위반,포장 - 건조,맑음,교차로 - 교차로횡단보도내,승용,여,36세,상해없음,보행자,여,61세,경상
1400,2021122500100011,2021년 12월 25일 01시,토요일,충청남도 보령시 대천동,중상사고,0,1,0,0,차대사람 - 기타,안전운전불이행,포장 - 적설,눈,교차로 - 교차로부근,화물,남,76세,상해없음,보행자,여,50세,중상
1401,2021122500100067,2021년 12월 25일 09시,토요일,충청남도 천안시 서북구 쌍용동,중상사고,0,1,0,0,차대사람 - 횡단중,보행자보호의무위반,포장 - 건조,맑음,교차로 - 교차로안,승용,여,48세,상해없음,보행자,여,38세,중상
1402,2021122500100078,2021년 12월 25일 10시,토요일,충청남도 천안시 서북구 성정동,경상사고,0,0,1,0,차대사람 - 기타,안전운전불이행,포장 - 건조,맑음,단일로 - 기타,승용,남,67세,상해없음,보행자,남,30세,경상
1403,2021122500100292,2021년 12월 25일 18시,토요일,충청남도 보령시 대천동,중상사고,0,1,0,0,차대사람 - 횡단중,보행자보호의무위반,포장 - 건조,맑음,단일로 - 기타,이륜,남,49세,상해없음,보행자,여,66세,중상
1404,2021122600100048,2021년 12월 26일 10시,일요일,충청남도 천안시 동남구 구성동,중상사고,0,1,0,0,차대사람 - 기타,보행자보호의무위반,포장 - 건조,맑음,교차로 - 교차로안,승용,남,25세,상해없음,보행자,여,71세,중상
1405,2021122600100188,2021년 12월 26일 16시,일요일,충청남도 부여군 부여읍,중상사고,0,1,0,0,차대사람 - 보도통행중,안전운전불이행,포장 - 건조,맑음,교차로 - 교차로횡단보도내,승용,여,64세,상해없음,보행자,여,78세,중상
1406,2021122600100214,2021년 12월 26일 17시,일요일,충청남도 서산시 읍내동,중상사고,0,1,0,0,차대사람 - 횡단중,보행자보호의무위반,포장 - 건조,흐림,교차로 - 교차로횡단보도내,승용,남,36세,상해없음,보행자,여,57세,중상
1407,2021122700100134,2021년 12월 27일 10시,월요일,충청남도 천안시 서북구 성거읍,중상사고,0,1,0,0,차대사람 - 기타,안전운전불이행,포장 - 건조,맑음,단일로 - 기타,승용,남,50세,상해없음,보행자,남,52세,중상
1408,2021122700100164,2021년 12월 27일 11시,월요일,충청남도 아산시 온천동,중상사고,0,1,0,0,차대사람 - 보도통행중,신호위반,포장 - 건조,맑음,교차로 - 교차로안,승용,여,52세,상해없음,보행자,여,33세,중상
1409,2021122700100195,2021년 12월 27일 12시,월요일,충청남도 천안시 동남구 청수동,중상사고,0,1,0,0,차대사람 - 기타,안전운전불이행,포장 - 건조,맑음,단일로 - 기타,승용,남,65세,상해없음,보행자,여,76세,중상
1410,2021122700100370,2021년 12월 27일 17시,월요일,충청남도 예산군 신양면,중상사고,0,1,0,0,차대사람 - 기타,보행자보호의무위반,포장 - 서리/결빙,눈,단일로 - 기타,승합,남,59세,상해없음,보행자,남,23세,중상
1411,2021122700100456,2021년 12월 27일 19시,월요일,충청남도 천안시 동남구 풍세면,경상사고,0,0,2,0,차대사람 - 횡단중,보행자보호의무위반,포장 - 젖음/습기,눈,교차로 - 교차로안,승용,남,38세,상해없음,보행자,남,40세,경상
1412,2021122800100023,2021년 12월 28일 04시,화요일,충청남도 청양군 목면,사망사고,1,0,0,0,차대사람 - 차도통행중,안전운전불이행,포장 - 건조,맑음,단일로 - 기타,화물,남,34세,상해없음,보행자,남,66세,사망
1413,2021122800100255,2021년 12월 28일 14시,화요일,충청남도 태안군 태안읍,중상사고,0,1,0,0,차대사람 - 기타,기타,포장 - 건조,맑음,단일로 - 기타,승용,남,72세,상해없음,보행자,남,51세,중상
1414,2021122800100428,2021년 12월 28일 19시,화요일,충청남도 천안시 서북구 쌍용동,경상사고,0,0,1,0,차대사람 - 기타,안전운전불이행,포장 - 건조,맑음,교차로 - 교차로안,이륜,남,17세,상해없음,보행자,여,46세,경상
1415,2021122900100048,2021년 12월 29일 07시,수요일,충청남도 천안시 서북구 쌍용동,경상사고,0,0,1,0,차대사람 - 차도통행중,안전운전불이행,포장 - 건조,맑음,교차로 - 교차로부근,승용,여,57세,기타불명,보행자,여,14세,경상
1416,2021122900100049,2021년 12월 29일 07시,수요일,충청남도 보령시 죽정동,경상사고,0,0,1,0,차대사람 - 횡단중,안전운전불이행,포장 - 건조,맑음,단일로 - 기타,승용,남,41세,상해없음,보행자,여,52세,경상
1417,2021122900100270,2021년 12월 29일 15시,수요일,충청남도 서산시 읍내동,경상사고,0,0,3,0,차대사람 - 보도통행중,기타,포장 - 건조,맑음,단일로 - 기타,승용,여,59세,경상,보행자,여,42세,경상
1418,2021122900100402,2021년 12월 29일 18시,수요일,충청남도 아산시 용화동,중상사고,0,1,0,0,차대사람 - 횡단중,보행자보호의무위반,포장 - 건조,맑음,교차로 - 교차로횡단보도내,승용,여,62세,상해없음,보행자,남,80세,중상
1419,2021123000100030,2021년 12월 30일 06시,목요일,충청남도 보령시 명천동,중상사고,0,1,0,0,차대사람 - 기타,안전운전불이행,포장 - 건조,맑음,단일로 - 기타,승용,남,38세,상해없음,보행자,남,77세,중상
1420,2021123000100277,2021년 12월 30일 15시,목요일,충청남도 서산시 동문동,중상사고,0,1,0,0,차대사람 - 횡단중,보행자보호의무위반,포장 - 적설,눈,교차로 - 교차로안,화물,남,59세,상해없음,보행자,여,83세,중상
1421,2021123000100570,2021년 12월 30일 21시,목요일,충청남도 천안시 서북구 두정동,중상사고,0,1,0,0,차대사람 - 기타,보행자보호의무위반,포장 - 건조,맑음,교차로 - 교차로횡단보도내,승용,남,54세,상해없음,보행자,여,41세,중상
1422,2021123100100631,2021년 12월 31일 23시,금요일,충청남도 예산군 삽교읍,중상사고,0,1,0,0,차대사람 - 기타,안전운전불이행,포장 - 건조,맑음,교차로 - 교차로안,승용,남,56세,상해없음,보행자,남,40세,중상